product_name,categories_en,energy-kcal_100g,carbohydrates_100g,proteins_100g,fat_100g,fiber_100g
"Pinto Bean","Asian-style-ready-meal","261.4","22.5","17.5","10.2","3.8"
"Croquetas de bacalao","","204.9","18.1","5.9","12.1",""
"Keto & GF Granola","","580.645161290323","19.3548387096774","19.6774193548387","54.8387096774194","9.67741935483871"
"Ben's Pure Maple Cream","","532","59.12","5.68","30.28",""
"Guimauve chocolat smarties","","472","69","5.7","19",""
"Thaï Red Curry (produit préparé)","","58","11","1.39999997615814","0.600000023841858","0.699999988079071"
"Nouilles vietnamiennes bœuf","","50.2439024390244","2.4390243902439","0.292682938459443","0.268292688741917","0.121951219512195"
"pasta","Beverages and beverages preparations,Beverages","166","20","6.7","6.4","0.8"
"Dunnes Stores Irish Beef & Pork Quarter Pounders","","176.656413666971","2.52173913043478","15.6521739130435","11.304347826087","0.782608695652174"
"Organic Molasses","","351.25","57.27","6.78","8.3",""
"Protein Plenty Tamarind Almonds","","617.5","7.5","27.5","50","11"
"Sweet chilli toasted cashews","","590","30","18","42.5","3"
"About half a mango","","311","77","2.7","0.8","8.8"
"Mamma Mia  American BBQ","","31","6.90000009536743","0.5","0.5",""
"Eirn original curry Sauce","Plant-based foods and beverages,Plant-based foods,Condiments,Spices,Curry-powder,Powder,Sauce-powder","411","57.2","5.2","18","1.2"
"Donut Milka","Snacks,Sweet snacks,Biscuits and cakes,Cakes,Doughnuts","465","46.5","6","28",""
"Collagen Elixir","","104","16","10","0",""
"Véritable pâte à tartiner noisettes chocolat noir","Breakfasts,Spreads,Sweet spreads,fr:Pâtes à tartiner,Hazelnut spreads,Chocolate spreads,Cocoa and hazelnuts spreads","617","36","8","48",""
"Mix moderne de Noël blanc et or","","399","95","0.3","2","0"
"Familjepack Schnitzel Frysta","Plant-based foods and beverages,Plant-based foods,Meat alternatives,Meat analogues,Vegetarian patties,Vegan patties","223","11.8","13.5","12","6.2"
"Focaccia Tomat","","261","50","7.7","2.1",""
"Fit Piggy Snickers Twist","","466","35","23","27",""
"Bonbons Miel et Citron","","310","31.8","21.1","14.3",""
"Fit Piggy Brownie","","289","25.7","21.2","15.7",""
"Crème oignon","","47","11","5","12","9"
"Saucisson fin maigre","","294","1.6","27.9","19.5",""
"Petit Bride Fin Maigre VPF","","315","1.8","30","20.8",""
"Chorizo courbe","","425","5","22","35",""
"Sandwich tomate, J serrano y queso.","","269","19.299999237061","17.60000038147","13",""
"SAND. BLANCO MORTADELA PESTO Y QUESO","","304","19.3","12.5","19.3",""
"Chorizo","Meats and their products,Meats,Prepared meats,Cured sausages,Chorizo","434","0","0","36.700000762939",""
"Chorizo","Meats and their products,Meats,Prepared meats,Cured sausages,Chorizo","428","5.0999999046326","22.299999237061","35.299999237061",""
"L'originel 1871","","406","1.5","26.4","31.6",""
"Le petit bridé","","327","1.9","29.5","22.3",""
"Saucisson","","327","1.9","29.5","23",""
"Poutargue de mulet","Seafood,Fishes and their products,Fishes,Lean fishes,Mullet","377","2.4","40.5","22.7",""
"Coca cola","Beverages,Carbonated drinks,Sodas,Colas","42","10.6","0","27","0"
"Saucisson sec au piment d'espelette","Meats and their products,Meats,Prepared meats,Cured sausages,Dry sausages","400","0.9","24.1","33.3",""
"Saucisson sec au noisettes","","432","0.6","0.6","36.1",""
"Saucisse sèche","","338","1.5","28.3","24.2",""
"Chorizo Brasse","","430.4","5","20.9","36.7",""
"Chorizo","Meats and their products,Meats,Prepared meats,Cured sausages,Chorizo","434","5","20.9","36.7",""
"Chorizo Brasse","","434","5","20.9","36.7",""
"Chorizo Brasse fort fumé","","434","5","20.9","36.7",""
"Rosmarin Kartoffeln Maggi","","470","70","7.30000019073486","17","3.90000009536743"
"Perche fin maigre","","336","1.5","28.3","24.2",""
"Chorizo brasse fort fume","","434","5","20.9","36.7",""
"Coop Fine Frokostbrød 90g","","500","40","20","40",""
"Chorizo","","434","5","20.9","36.7",""
"Chorizo brasse fort fumé","","434","5","20.9","36.7",""
"Zuppa al gusto Asparagi","","331","5.9","67","3.1",""
"Sandwich multicereal queso con nueces","","280","20.1","8.7","17.5",""
"Sand. Integral atun-pimiento","","283","14.7","12.8","18.8",""
"Sand. Multi salmón salsa curry-mango","","245","20.7","12.2","11.7",""
"Tostadas","Plant-based foods and beverages,Plant-based foods,Snacks,Cereals and potatoes,Extruded crispbreads","450","60","5","20","10"
"Pro-tf","","70","0","22.448","0",""
"PRO-TF Chocolate","Dietary supplements,Bodybuilding supplements,Protein powders","411.764705882353","29.4117647058824","58.8235294117647","5.88235294117647",""
"Nutrastart","Dietary supplements,Bodybuilding supplements","78.125","","","",""
"Inulin","","208","96","","","88"
"bevanda al mirtillo","","1470","12","69","1",""
"Omelette al gusto bacon","","337","5.1","71","2.5","6.2"
"greek yogurt","Dairies,Fermented foods,Fermented milk products,Desserts,Dairy desserts,Fermented dairy desserts,Yogurts,Greek-style yogurts","86.666666666667","10.666666666667","7.3333333333333","1.6666666666667","0.66666666666667"
"Rillettes de truite de Bordeaux au citron confit","","250","50","10.7142857142857","0","0"
"Baking powder","","319","51.2000007629395","15.1000003814697","5","4"
"Extra moelleux nature","","268","49.2000007629395","8.39999961853027","3.59999990463257",""
"Rôti dinde","","100","1.66666666666667","21.9999996821086","1.66666666666667",""
"Coop Wienerpecan 95g","","35","","9","",""
"galleta Deco","","612","22","21","49",""
"DHA Xtra 1660 Omega-3","","20","","","2",""
"boisson à l'aloe vera","Plant-based foods and beverages,Beverages,Meals,Plant-based beverages,Fruit-based beverages,Dietary supplements,Bodybuilding supplements,Supplement,Groceries","12","3","0","0","0"
"Thé Oolong Violette","","360","36","6.6","21","0.9"
"Bbq pulled pork","","148.514851485149","13.8613861386139","8.41584158415842","8.41584158415842","1.48514851485149"
"Coop Fine Store Horn 240g","","272","0.800000011920929","15.6999998092651","22.7999992370605",""
"Fajita Chicken with Brown Rice & Cajun Veg","","110","11","11","2.2","1.3"
"Fajita Chicken W/ Wholegrain Rice","","97.2277227722772","10.2970297029703","10.8910891089109","1.04950495049505",""
"Chicken Parm","","185.185185185185","17.2839506172839","11.7283950617284","7.40740740740741","1.23456790123457"
"Fluff","","40","6","0","0",""
"Nurture Life Meal","","270","26","16","12","2"
"Organic Corn","","120","5","0","0","0"
"Purée de pommes de terre","Plant-based foods and beverages,Plant-based foods,Cereals and potatoes,Meals,Purées,Potato preparations,Mashed potatoes","106.52","11.67","2.27","5.64",""
"Twaroż Półtłusty Farmer Cheese","","116.666666666667","3.33333333333333","16.6666666666667","3.33333333333333",""
"Organic Peas","","413","46","14","17","10"
"Organic Oats","","488","55.799999237061","5.1999998092651","26.60000038147",""
"Cigarettes Fourrées Chocolat Noisettes","Snacks,Sweet snacks,Biscuits and cakes,Biscuits and crackers,Biscuits,Non food products,Cigarettes,fr:biscuit-patissier-fourres-chocolat-noisette","488","67","6","21","3.5"
"Uncured Beef Hot Dogs","","210.526315789474","1.75438596491228","17.5438596491228","14.0350877192982","0"
"Candy UP chocolat","","62","9.8","0.1","0.9","3.2"
"Ribeye","","246.917935060583","0","18.5188451295437","19.4006948976172","0"
"Beef Top Sirloin Steak","","303.571428571429","0","16.9642857142857","25.8928571428571","0.892857142857143"
"Organic Goat Feed - Mash","","471","55","5.8","25","1.5"
"Sucre neige","","419","91.2","0","6",""
"Cassolade au confit de canard à la provençale","","213","13","11","13",""
"carte macdo","","338","47","17","14","3"
"Nems poulet","Meats and their products,Meals,Meals with meat,Poultry meals,Meals with chicken,Nems,Chicken nems","176","27","7.90000009536743","3.40000009536743","2.09999990463257"
"น้ำยาพ่นคอ","Beverages and beverages preparations,Plant-based foods and beverages,Beverages,Plant-based foods,Fruits and vegetables based foods,Vegetables based foods,Vegetables,Broccoli","387","72.1","10","5.7","3.7"
"Everything Nut Blend","","642.85714285714","21.428571428571","17.857142857143","57.142857142857","7.1428571428571"
"Honey And Chilli Beef With Egg Noodles & Greens","","159.75","15.75","13.25","4.5","1.65"
"Nathan Thomazo","","0","20","2","20",""
"Kollagen Hydrolysat edubily","","54","0.100000001490116","1","0.100000001490116","0.100000001490116"
"vanilla protein","Dietary supplements,Bodybuilding supplements,Protein shakes","393","17.8571428571429","64.2857142857143","11.0714285714286",""
"Born fruta fresca deshidratada","Plant-based foods and beverages,Plant-based foods,Fruits and vegetables based foods,Fruits based foods,Dried products,Dried plant-based foods,Dried fruits","362.1","60.9","5","10.3","9.5"
"pot au feu de légumes aux aromates","Plant-based foods and beverages,Plant-based foods,Fruits and vegetables based foods,Meals,Soups,Vegetable soups","25.7","3","1.4","0.7","0.9"
"velouté de 10 légumes","Plant-based foods and beverages,Plant-based foods,Fruits and vegetables based foods,Meals,Soups,Cream soups,Vegetable soups,Cream of vegetable soups","32","5.2","0.7","0.8","0.8"
"Délice de 10 Légumes","Plant-based foods and beverages,Plant-based foods,Fruits and vegetables based foods,Meals,Soups,Vegetable soups","46","5.52","0.8","2.12","0.92"
"soupe à la chinoise  légumes et vermicelles","Plant-based foods and beverages,Plant-based foods,Meals,Dried products,Pastas,Dried products to be rehydrated,Noodles,Soups,Instant noodles,Instant noodle soups","20","3.1","0.6","0.4","0.7"
"Potiron et vermicelles","Plant-based foods and beverages,Plant-based foods,Fruits and vegetables based foods,Vegetables based foods,Meals,Vegetable-based foods and beverages,Pumpkin and Squash plant products,Soups,Cream soups,Pumpkins and their products,Vegetable soups,Cream of vegetable soups,Pumpkin soups,Cream of pumpkin soups","26","4.5","0.7","0.4","0.8"
"Légumes et kiri","","54","6","1","3","1"
"Mouliné de Légumes Bio","","29.1","4.4","0.8","0.7","1"
"soupe à la paysanne","","35.4","3.7","1.6","1.2","1.7"
"Délice de potiron châtaigne","Plant-based foods and beverages,Plant-based foods,Fruits and vegetables based foods,Meals,Soups,Vegetable soups,Pumpkin soups","34.2","5.5","0.7","0.8","1.1"
"Lié big purSoup mouliné de 10 Légumes","Plant-based foods and beverages,Plant-based foods,Fruits and vegetables based foods,Meals,Soups,Vegetable soups","35.8","4.6","0.9","1.2","1.5"
"Soupe potiron et kiri","Plant-based foods and beverages,Plant-based foods,Fruits and vegetables based foods,Meals,Soups,Vegetable soups","38.3","4.9","0.9","1.5","0.8"
"Minestrone à la Milanaise","","48","5.5","1.3","2","1.5"
"Gaspacho à l'andalouse","Meals,Soups,Cold soups","26","2.3","0.7","1.3","0.9"
"Velouté de légumes du soleil","Plant-based foods and beverages,Plant-based foods,Fruits and vegetables based foods,Canned foods,Meals,Soups,Cream soups,Vegetable soups,Canned meals,Cream of vegetable soups,Canned soups,Canned vegetable soups","35","3.7","0.9","1.7","0.8"
"Potiron et j’irai","Plant-based foods and beverages,Plant-based foods,Fruits and vegetables based foods,Meals,Soups,Vegetable soups,Pumpkin soups","35","4.2","0.9","1.4","1"
"bio mouliné de legumes verts","Plant-based foods and beverages,Plant-based foods,Fruits and vegetables based foods,Meals,Soups,Vegetable soups,it:zuppa","28","4.4","1","0.5","1.1"
"velouté de potiron et graines de courge bio","Plant-based foods and beverages,Plant-based foods,Fruits and vegetables based foods,Meals,Soups,Vegetable soups,Pumpkin soups","33","4.7","0.8","0.9","1.1"
"velouté de tomates et pointe d'origan","Plant-based foods and beverages,Plant-based foods,Fruits and vegetables based foods,Meals,Soups,Vegetable soups,Tomato soups","28","4.7","0.7","0.5","1"
"Velouté de 10 Légumes","Plant-based foods and beverages,Plant-based foods,Fruits and vegetables based foods,Meals,Soups,Cream soups,Vegetable soups,Cream of vegetable soups","41","4.6","0.8","1.9","1"
"Velouté de tomates","Plant-based foods and beverages,Plant-based foods,Fruits and vegetables based foods,Meals,Soups,Vegetable soups,Tomato soups","36","6.2","1.1","0.6","0.6"
"pur soup' mouliné de 5 légumes verts","Meals,Soups,Reheatable soups","24.8023763020833","4.5952100423177","0.813140462239582","0.16035001627604","0.837461588541666"
"velouté de tomates","","91","","","",""
"Velouté de 12 légumes","Plant-based foods and beverages,Plant-based foods,Fruits and vegetables based foods,Meals,Soups,Cream soups,Vegetable soups,Cream of vegetable soups,fr:potage","42","5.2","0.7","1.9","0.7"
"Bio légumes et mini penne","","42","6.09999990463257","0.899999976158142","1.29999995231628","0.899999976158142"
"Soupe bio tomate","Meals,Soups","36","6.59999990463257","0.800000011920929","0.600000023841858","0.600000023841858"
"Délice de courgette au chèvre","","37","3.90000009536743","1","1.79999995231628","0.5"
"gaspacho à l'andalouse","Meals,Soups,Cold soups","27","2.6","0.7","1.3","0.8"
"Gaspacho bio liebig","Plant-based foods and beverages,Plant-based foods,Fruits and vegetables based foods,Meals,Soups,Vegetable soups,Cold soups,Gazpacho","28","3.2","0.6","1.2","0.8"
"Soupe poireaux noix de St Jacques","","55.6","5.44000015258789","1.87999992370605","2.72000007629395","0.880000019073486"
"Soupe a l’oignon","","29","5.69999980926514","0.629999995231628","0.699999988079071","0.600000023841858"
"cèpes & Bolets à la crème fraîche","fr:potage","29.7942","4.045725","0.94851","1.022385","0.16223"
"Soupe légumes et kiri","","51","5.80000019073486","0.800000011920929","2.5","1"
"Soupe à la campagnarde","","57","7.09999990463257","2.20000004768372","1.89999997615814","1.5"
"Velouté de 10 légumes","Plant-based foods and beverages,Plant-based foods,Fruits and vegetables based foods,Meals,Soups,Cream soups,Vegetable soups,Cream of vegetable soups","43","5.2","0.7","1.6","0.8"
"Mouliné de Légumes Verts","Plant-based foods and beverages,Plant-based foods,Fruits and vegetables based foods,Meals,Soups,Vegetable soups","31","5.2","1","0.5","1.1"
"Soupe","","39.6","5.6","0.6","1.4","1.03999996185303"
"Soupe  légumes vermicelles","","37.6","5.6","1","1.11999998092651","0.919999980926514"
"soupe potiron carottes et vermicelles","Plant-based foods and beverages,Plant-based foods,Fruits and vegetables based foods,Meals,Soups,Vegetable soups","74","13","1.7","1.1","2"
"Soupe chinoise légume et vermicelles","","21","3.5","0.5","0.400000005960464","0.5"
"Soupe Toscane","","336","64.1","10.3","2.7","7.1"
"Velouté chanterelles est Bolets","","36","4","0.600000023841858","1.79999995231628","0.5"
"Velouté de 8 légumes","Plant-based foods and beverages,Plant-based foods,Fruits and vegetables based foods,Meals,Soups,Vegetable soups,Cream soups,Cream of vegetable soups","43.6","6.4","0.6","2.12","0.92"
"Velouté de potiron","","27","4.5","0.699999988079071","0.400000005960464","1.29999995231628"
"velouté de potiron","Plant-based foods and beverages,Plant-based foods,Fruits and vegetables based foods,Meals,Soups,Vegetable soups,Cream soups,Cream of vegetable soups,Pumpkin soups,Cream of pumpkin soups","30","4.1","0.6","1","1"
"velouté de cresson.","Meals,Soups,Cream soups,fr:soupe-de-cresson","29","4.5","0.8","0.7","0.7"
"velouté de 10 légumes","Meals,Soups,Reheatable soups","42.9","4.9","0.6","2.1","1"
"Velouté  de potiron à la crème fraîche","","30","4.59999990463257","","0.800000011920929","1"
"Kippensoep","","18","2.90000009536743","1.29999995231628","0.100000001490116","0.200000002980232"
"Délice de 8 légumes","Plant-based foods and beverages,Plant-based foods,Fruits and vegetables based foods,Meals,Soups,Vegetable soups,Cold soups","53","4.8","0.8","3.2","1"
"Légumes variés","","38","5.2","0.9","1.1","1.6"
"Légume d’autrefois","","36","5.5","0.6","1.1","1"
"Velouté tomates + boulettes","","41","3.7","1.3","2","1.3"
"Carotte panais","","44","5.69999980926514","0.600000023841858","1.79999995231628","1.29999995231628"
"Soupe délice de 8 légumes avec boulettes","","51","6.69999980926514","1.5","1.79999995231628","0.699999988079071"
"Minestrone","","30","5","1","0.400000005960464","1"
"Soupe tomates boulettes","","43","4.5","1.70000004768372","1.79999995231628","1.10000002384186"
"Tomates légumes","","31","4.30000019073486","1.10000002384186","0.899999976158142","0.800000011920929"
"Soupe carottes potiron","Plant-based foods and beverages,Plant-based foods,Fruits and vegetables based foods,Meals,Soups,Vegetable soups","42","5.6","1.3","1.4","0.8"
"Chicken soup","","19","3.09999990463257","1.20000004768372","0.100000001490116","0.200000002980232"
"Velouté de potiron","","31","4.59999990463257","0.699999988079071","8","1.10000002384186"
"Velouté aux 8 Légumes","","44","5.09999990463257","0.600000023841858","2.09999990463257","0.899999976158142"
"Suprême de tomates","","37","5.40000009536743","0.800000011920929","1.20000004768372","0.699999988079071"
"Carmel protein","","401","13","73","7.6",""
"Wermuttee","","0","0","0","0","0"
"Formula 1","Food","360","52","36","4","12"
"Clear Whey Isolate Apple","","360","3.5","83","1.39999997615814",""
"Baguette parisien","","222","38.4","11.7","3.3",""
"Knusper honigmüsli","","407","61.2000007629395","9.5","12.1999998092651","7.40000009536743"
"Snacks de mais","","436","71.8","0","13.3",""
"&quot;Baguette Lyonnais&quot;","","290","41","12.5","9.4",""
"Lieu, riz à la crème de coco et épinards","","96","5.24","6","5.48","0.8"
"Laugengipfrl","","216.666666666667","23.3333333333333","4.8","11.3333333333333","1.13333333333333"
"Pringles","","535.714285714286","57.1428571428571","3.57142857142857","32.1428571428571",""
"Formula 1 healthy meal","Beverages and beverages preparations,Beverages,Dairies,Canned foods,Meals,Dairy drinks,Flavoured milks,Dietary supplements,Milkshakes","380","20","40","11","20"
"Il pane del forno","","286","53","9.3","3.2","3.8"
"Bio Mönchspfeffer","","0","80","0","0",""
"Piadina Kamut","","291","46","8.60000038146973","7.59999990463257","1.89999997615814"
"Solène céréales poulet","","219","30.3","9.7","5.9","2.8"
"Filet poulet tex-mex","","113","0.6","19","3","2"
"Crème de vinaigre saveur truffe","","180","45.24","","",""
"Hackfleisch","","2","0.3","0.2","0.1",""
"Pringles","","535.714285714286","57.1428571428571","3.57142857142857","32.1428571428571","3.57142857142857"
"Kombucha","Beverages,Fermented foods,Fermented drinks,Tea-based beverages,Kombuchas","5","1.1","0.1","0.1","0.7"
"8 mini beignets fourrés au chocolat noisette","Snacks,Sweet snacks,Sweet fritters,fr:beignets-au-chocolat","428","45","6.8","24",""
"Firecracker Chicken Noodles & Crunchy Veg","","128","15","12","1.5","1.7"
"Csirke mellfilé","","99","0.100000001490116","22.7999992370605","1.10000002384186",""
"Cœurs de cereales","","434","67","6.2","14","7.5"
"Änglamark Baguette 400g","","107","7.9","17","0.9",""
"One piece","","78","27","23","0",""
"26 38","Meals,Pizzas pies and quiches,Pizzas,Vegetarian pizzas,Cheese pizzas,Five Cheese Pizza","256","24","12","13","1.1"
"MOA","Dietary supplements","40","10","0","0","0"
"walnut","","100","4","8","8",""
"Xtra-Cal Advanced","Dietary supplements,Vitamin mineral combinations","101","10.9","2.13","3","6.8"
"Préparation pour sandwich","","211","1.2","12.6","17",""
"Rillettes de sanglier au Chouchen","Meats and their products,Spreads,Meats,Prepared meats,Salted spreads,Rillettes,Potted meats,fr:Rillettes de viande rouge,fr:Rillettes de gibiers de chasse,Wild boar rillettes","325","0","16","29",""
"Lpm","","106","0","25","0.7","0"
"Tenders kfc","","306","16","21","18","0.5"
"Germidine solution 250ml","","193","2.2","1.5","0.2","88"
"Pringlets sour onion","","535.211267605634","60.5633802816901","4.22535211267606","32.3943661971831",""
"Formula 1 nutritional shake mix fragola delight","Meals,Dietary supplements,Meal replacements","378.4","35","35","8.8","9.6"
"Madeleine","","428","42","4.8","27",""
"Shake Mix Vanilla Flavour","Dietary supplements","376","42","36","7.2","12"
"Chocolate + Vanila Powder","Dietary supplements,Bodybuilding supplements,Protein powders","376","42","36","7.2","12"
"Ham and american on bun","","206.349206349206","26.1904761904762","12.6984126984127","7.14285714285714","0.793650793650794"
"pumpkin seeds","Plant-based foods and beverages,Plant-based foods,Seeds,Pumpkin and Squash plant products,Cucurbitacea seeds,Pumpkin seeds and their products,Pumpkin seeds","574","2.3","35","45.8","6.4"
"Creatine Monohydrate","","0","0","0","0",""
"Coop Donut Pinky 58g","","108.787878787879","11.5151515151515","5","4.48484854264693","1.09090906200987"
"German fine bread","Plant-based foods and beverages,Plant-based foods,Cereals and potatoes,Breads","263","52.63","7.02","3.51","7"
"Lithotamne","Plant-based foods and beverages,Plant-based foods,Seafood,Dried products,Dried plant-based foods,Seaweeds and their products,Ground dried seaweeds,fr:lithotamne","184.59","5.7","14.1","2.51","41.4"
"Tarte noix de coco","Sweet pies,Pies,Coconut pies","381","27.3","4.6","22","4.4"
"Strawberry Shortcake","","440","77","5","12","1"
"Protein Pudding","","643.333333333333","46.6666666666667","83.3333333333333","12.3333333333333",""
"Pastilles neutres bio","Bonbon-pastille","197","8.2","0.69","0.91","76.8"
"Maceroni Cheese","","142.5","16.25","6.75","5.5","0.9"
"Takeaway Onion Bhajis","","247.370936902486","22","5.2","15","4.3"
"Raspberry ripple ice-cream","Desserts,Frozen foods,Frozen desserts,Ice creams and sorbets,Ice creams","208","20.2999992370605","3.09999990463257","12.6999998092651","0.5"
"Banana chips","","395.348837209302","53.4883720930233","2.32558139534884","20.9302325581395","9.30232558139535"
"Wieprozowina z zapiecka","","208","0.9","25","12",""
"Thick Cut Chips","","165","27.7777777777778","2.22222222222222","4.55555555555556","2.22222222222222"
"Tikka Chicken Chunks","","128.75","3.875","25","1.25","1"
"Feed Grade Soybeans","","220.125786163522","30.8176100628931","7.23270440251572","7.54716981132075","2.83018867924528"
"Food Grade Corn","Snacks,Sweet snacks,Biscuits and cakes,Biscuits and crackers,Biscuits,Chocolate biscuits,Drop cookies,Chocolate chip cookies,Chocolate and hazelnut cookies","505","59","7","26","3.3"
"Noix de coco râpé fine","","666.666666666667","26.6666666666667","6.66666666666667","60","20"
"Tom tom et nana","","16","3.9","0.5","0.1",""
"Graines de chia noires","","70","6","2","4.5","5"
"Macaron - Licornes","","500","60","10","25","0"
"Spirulina Powder","","345","15","67","0.9","3.5"
"Creme entière de Normandie","","294","3.7","2.3","30",""
"Popping boba","","140","35","0","0",""
"Popping boba","","136","34","0","0",""
"Brochette de poulet","","147","10.8","19","3","0.3"
"Turkey and Swiss","","460","45","36","14","1"
"Pain brioché kamut","","110","16","3","2.5","2"
"Pain au chocolat pur beurre x10","Snacks,Sweet snacks,Sweet pastries and pies,Viennoiseries,Chocolate croissant","422","23.7","7.3","23.7",""
"Chanvre décortiqué canadien","","600","6.66666666666667","33.3333333333333","53.3333333333333",""
"Baci di Dama","Plant-based foods and beverages,Plant-based foods,Fruits and vegetables based foods,Fruits based foods,Fruit salads","544","53","4","35",""
"Madame Ashtroumlila Soins pour la peau","","55","1","1","86",""
"Dark Chocolate Turbinado Sea Salt Almonds","Plant-based foods and beverages,Plant-based foods,Nuts and their products,Nuts","150","16","3","11","2"
"Pea protein isolate","","394","18.48","63.64","7.27","0.88"
"Heidelbeerpulver","","365","70","5","2","17"
"Nuts","","150","16.7000007629395","1.70000004768372","","1.70000004768372"
"nutritional yeast","","358","29","34","6","26"
"Chocolate Grass-Fed WHEY protein isolate","","400","30","66.6666666666667","3.33333333333333",""
"Papattes","","0","1","100","0",""
"Veganes Protein","Dietary supplements,Bodybuilding supplements,Protein powders","391","7","79","6.4","2.4"
"Organic Potato Starch","","333.333333333333","83.3333333333333","","","8.33333333333333"
"Harvest whole wheat bread","Plant-based foods and beverages,Plant-based foods,Snacks,Cereals and potatoes,Sweet snacks,Sweet pastries and pies,Breads,Viennoiseries,White breads,Chouquettes","232.55813953488","41.860465116279","11.627906976744","4.6511627906977",""
"Salade de fruits","","31","5.80000019073486","0.5","0.200000002980232","1.89999997615814"
"Morceaux de filets de poulet","","148","0.5","27.2999992370605","4","0.100000001490116"
"Puntazos","","451","66","5.8","17",""
"Chicken chips","","207","17.6000003814697","14.8000001907349","8.39999961853027","0.699999988079071"
"Hähnchengeschnetzeltes in Champignon-Rahmsoße","","91","2.8","9.7","4.1","1.2"
"Chai Latte","Beverages and beverages preparations,Plant-based foods and beverages,Beverages,Hot beverages,Plant-based beverages,Teas,Flavored teas,Chaï teas","190","73.3333333333333","19.6666666666667","0.666666666666667",""
"Grass Fed Whey Protein","","403","8","77","5.75","6.66666666666667"
"Natural yoghurt","","72","4.90000009536743","4.19999980926514","3.79999995231628",""
"Jalapeno Cheddar Pepperoni","","163.636363636364","1.81818181818182","18.1818181818182","9.09090909090909","0"
"Turkey jerky","","80","10","8","1",""
"Boulette sauce tomate basilic","","49.2760180995475","3.75565610859729","2.03619909502262","2.80542986425339","0.361990950226244"
"Croissant pure beurre X2","Snacks,Sweet snacks,Sweet pastries and pies,Viennoiseries,Croissants,Butter croissants","429","42.5","9.7","23.9","3.244078265625"
"Croissant pur beurre","Snacks,Sweet snacks,Sweet pastries and pies,Viennoiseries,Croissants,Butter croissants","427","43.2","9","23.7",""
"Spring onion","Plant-based foods and beverages,Plant-based foods,Fruits and vegetables based foods,Condiments,Vegetables based foods,Culinary plants,Aromatic plants,Fresh foods,Fresh plant-based foods,Herbs,Onions and their products,Fresh vegetables,Groceries","29.7","2.1","2.57","0.52","3.19"
"Red huevos rancheros burrito","","211.267605633803","24.6478873239437","8.45070422535211","8.45070422535211","1.40845070422535"
"Biscuits For Cheese","","464","64.7","9.3","17.8","3.6"
"Cheesburger with bacon","","300.578034682081","17.3410404624277","16.7630057803468","18.4971098265896","3.46820809248555"
"Soupe orzo et curcuma","","352.94117647059","76.470588235294","11.764705882353","2.9411764705882","8.8235294117647"
"Pate d'arachide Seaux 4,5kg","Plant-based foods and beverages,Plant-based foods,Legumes and their products,Spreads,Nuts and their products,Plant-based spreads,Oilseed purees,Legume butters,Nut butters,Peanut butters","611","17","25","48","7.8"
"Peanut butter","Plant-based foods and beverages,Plant-based foods,Legumes and their products,Spreads,Plant-based spreads,Oilseed purees,Legume butters,Peanut butters","619","10.1000003814697","26.3999996185303","50.5","9.10000038146973"
"Egg salad sandwich","","440","31","13","30",""
"Mafalfa corta","","351","70","14","1","3"
"Roast Beef and Swiss - Nutrigood","","250","23","18","10","1"
"Blanc de poulet","","101","0.5","21","1.70000004768372",""
"Cacao butter unrefined","","880","0","0","99.5",""
"Anis","","315","78.8000030517578","","",""
"Sablés Coco Lait","Snacks,Sweet snacks,Biscuits and cakes,Biscuits,Chocolate biscuits,Shortbread cookies","526","56","6.6","30","2.8"
"Le tradition","","135","1.25","20.9999990463257","5.50000011920929",""
"Aktiv Flakes","","394","75","7.3","6","5"
"Cacao in polvere","Cocoa and its products,Cocoa and chocolate powders,Cocoa powders","383","24.4","30.4","11.8","28.7"
"Barbecue Protein Chips","Snacks,Salty snacks,Appetizers,Chips and fries,Meals,Crisps","445","38","38","15","3.59999990463257"
"Cornetti integrali nocciola","","399","38.5","9.2","22.1","4.7"
"Citrus Miso Sesame Slaw","","191.428571428571","18","2.85714285714286","13.1428571428571","2.57142857142857"
"Le Jambon de nos Régions","Snacks,Salty snacks,Appetizers,Chips and fries,Meals,Crisps","115","0.5","22","2.79999995231628","3.29999995231628"
"Peri Thighs with Spicy Cauliflower Rice, Chili Minted Peas & Peri Dip","","114.567901234568","4.69135802469136","11.6049382716049","5.18518518518519","2.19753086419753"
"Protein Drink Mix","Meals,Dietary supplements,Bodybuilding supplements,Protein powders","110","5","15","3","1"
"Raisin Walnut Apple Bar","","281.69014084507","49.2957746478873","14.0845070422535","3.52112676056338","7.04225352112676"
"Ti.nutre barretta proteica cioccolato","","375","46","34","11.5",""
"muștar Simply","","35","","9","",""
"Rebuild","Dietary supplements,Bodybuilding supplements","380","36","51","3","1.5"
"Bodylab Whey Protein","","387","8.7","73","6.5",""
"Roast beef","","75.9139784946237","7.8494623655914","6.7741935483871","1.35483875069567","2.60215061967091"
"Bio Kakao Nibs","","604","18.2000007629395","13","50.2999992370605","13.3999996185303"
"Pain au chocolat pur beurre","Snacks,Sweet snacks,Sweet pastries and pies,Viennoiseries,Chocolate croissant","415","41.7","8.6","23",""
"Latte machiato","","32.7272727272727","2.99999995665117","1.59090909090909","1.45454547621987","0.409090898253701"
"Chili crisp","","700","20","","80",""
"Burger de poulet","","262.000003390842","28.3333333333333","13.3333333333333","10",""
"Beignet chocolat","Snacks,Sweet snacks,Sweet fritters,fr:beignets-au-chocolat","385","47","6.5","18",""
"FORMULA1 SAVEUR COOKIES ET CRÈME","Dietary supplements,Bodybuilding supplements","357","20","39","9","20"
"Xanthan Gum","","185","","7","","81"
"Confiture extra de pêche blanche","Plant-based foods and beverages,Plant-based foods,Breakfasts,Spreads,Plant-based spreads,Sweet spreads,Fruit and vegetable preserves,Jams,Peach jams","226","56.8","1","0",""
"Vegan 3K-Protein","","378","6.30000019073486","83.6999969482422","1.20000004768372","2"
"Kollagen Premium Pulver","","360","","90","",""
"VEGAN 4K BLEND","","364","4.30000019073486","78.0999984741211","2.70000004768372","4.5"
"Protein Oatmeal","","100","8","15","1","2"
"Paprika Süß","","129.824561403509","0.467836257309941","21.0526315789474","4.7953216374269","0.292397660818713"
"Coca-Cola","Beverages,Carbonated drinks,Sodas","42","10.6000003814697","","",""
"Herbalife 24","","350","36.6666666666667","35","11.6666666666667",""
"Honduran king prawns M&S","Seafood,Crustaceans,Shrimps,Prawns,Deep water pink shrimps,Cooked Prawns","113","3.1","23.3","0.6","1.1"
"Matcha collagen","","306.700012207031","33.2999992370605","46.7000007629395","","33.2999992370605"
"Confiture artisanale de Raphaël","","224","55","0.4","0.1",""
"Vegane proteine","","392","4.4","62","10","9.2"
"Seitán a la plancha","Plant-based foods and beverages,Plant-based foods,Cereals and potatoes,Cereals and their products,Meat alternatives,Meat analogues,Seitan","194.5932","35.07922","6.06635","2.48755","3.80765"
"Cappuccino duble choco","Plant-based foods and beverages,Beverages,Plant-based foods,Coffees,Instant beverages","398","62.1","10.3","10.3","6.2"
"roseguard  vitamin a c e  rosmery","Plant-based foods and beverages,Plant-based foods,Sweeteners,Dietary supplements,Stevia and their products,Supplement","0","0","","0",""
"Sourdough Bread sliced","Plant-based foods and beverages,Plant-based foods,Cereals and potatoes,Cereals and their products,Breads,Sliced breads","211.538461538462","44.2307692307692","7.69230769230769","0","1.92307692307692"
"Creamy Crisp Protein Bar","","363.636363636364","34.5454545454545","36.3636363636364","14.5454545454545","5.45454545454545"
"Hähnchenflügel geräuchert","","136.19","20.31","7.55","2.36","1.88"
"Sweet & Sour Chicken With Jasmine Rice, Roasted Veg & Pineapple","","115","13","12","1.6",""
"Tapioka / Tapioca „Pandan“","Plant-based foods and beverages,Plant-based foods,Fruits and vegetables based foods,Vegetables based foods,Vegetables,Starches,Tapioca","366","90","0","0","0.784"
"Smokey Chicken With Wholegrain Rice & Quinoa, Roasted Veg, Balsamic Lemon Dressi","","116.590909090909","10.4545454545455","13.6363636363636","1.97727272727273",""
"Rillettes Maison","Meats and their products,Spreads,Meats,Prepared meats,Salted spreads,Rillettes,Potted meats,French Rillettes,fr:Rillettes de viande rouge,Pork rillettes","191.666666666667","6.74333333333333","21.6166666666667","7.77","4.28333333333333"
"RcOcio control de peso capuchino","","380","38","38","7.9","3.9"
"Pure paleo bone broth protein","","110","","26","0.5",""
"Mini chaussons à la compote de pomme","Snacks,Sweet snacks,Sweet pastries and pies,Viennoiseries,Apple turnovers","343","41.05","3.69","15.78","1.97"
"Chaussons aux abricots","Snacks,Sweet snacks,Sweet pastries and pies,Viennoiseries,fr:chaussons-aux-abricots","351","39.8","4.7","18.8","3.606775"
"Melocotón en almibar","","81","18.9","0.4","0.2",""
"Chausson au pomme","Snacks,Sweet snacks,Sweet pastries and pies,Viennoiseries,Apple turnovers","316","37.3","2","16.2",""
"Fromage blanc pêche","","98","7.6","4.6","3.3",""
"Shakemate","Dietary supplements,Bodybuilding supplements,Protein powders","382","4","83","3","0"
"RAOs  tomato basil soup","","180","26","4","6","5"
"Pur jus de pomme","Beverages and beverages preparations,Plant-based foods and beverages,Beverages,Plant-based beverages,Fruit-based beverages,Juices and nectars,Fruit juices,Unsweetened beverages,Apple juices,Squeezed fruit juices,Squeezed apple juices","52","13","0.5","0.5",""
"Meal Shake","","100","7","15","1.5",""
"Soupe Miso","","32","0.699999988079071","2","1.79999995231628","4.40000009536743"
"Super 7 seed  mix","","150","8","5","2","59"
"Pruneau d'agen","Plant-based foods and beverages,Plant-based foods,Fruits and vegetables based foods,Fruits based foods,Dried products,Fruits,Dried plant-based foods,Dried fruits,French fruits,Dried prunes,fr:Pruneaux d'Agen","234","54","2","0.3",""
"Brochettes d'abats de boeuf","Meats and their products,Beef and its products,Meals,Meat preparations,Meats,Skewers,Beef,Fish and meat and eggs,Meat skewers,Meals with meat,Offals,Beef dishes,Beef skewers","131","0.6","21","4.9","0"
"Frühlingsrollen","","1","0","0","0",""
"Frühlingsrollen Süß-Sauer","","171","24","4.2","6.3","0.9"
"Broccoli Nudelauflauf","","124","14.8000001907349","4.90000009536743","4.69999980926514","1.20000004768372"
"Maple syrup","","149","21","49","","14"
"Bio Hanfsamen geschält","","638","2","30","55.7000007629395","4.30000019073486"
"Gemüse Kartoffelpfanne","","85","7.40000009536743","1.70000004768372","4.90000009536743","2.20000004768372"
"Xocolata de garrofa","","480","43.8","4.3","35",""
"Mix cacao protein brown","","706","38","35","4.6","9.7"
"Brins de framboise","Snacks,Sweet snacks,Biscuits and cakes,Biscuits,Flaky biscuits","378","84","4.6","2.3","1.4"
"Bulk","","117","1","27","1",""
"Protein pasta","","327","44","19","4.80000019073486","17"
"Tom’s of Maine Fresh Mint","fr:shake-proteine","348","25","48","3.5","15"
"Crème dessert chocolat","","0","0","0","0","0"
"Brins de ChocoCaramel","Snacks,Sweet snacks,Biscuits and cakes,Biscuits,Chocolate biscuits,Milk chocolate biscuits,fr:biscuits-au-caramel","461","73","5.4","16","1.5"
"EAA","","10.2857142857143","0.19999999659402","1.85714285714286","0.114285715988704",""
"Rice chips","","600","46.6666666666667","6.66666666666667","46.6666666666667","26.6666666666667"
"Sliced Yellow Cling Peaches in Peach and Pear juice","Plant-based foods and beverages,Plant-based foods,Canned foods,Desserts,Canned plant-based foods,Canned fruits,Fruits in syrup,Peaches in syrup,Canned drained peach in light syrup","48.387096774194","11.290322580645","0.80645161290323","0","0.80645161290323"
"Margherita Pizza","","202.797202797203","33.5664335664336","3.4965034965035","5.59440559440559","2.0979020979021"
"Dit Body plus","","218","","21","4.09999990463257","3.40000009536743"
"Vegan Protein Blueberry Muffin","","405","3.2","78","8",""
"Minotaur bio - Huile d'Olive Vierge Extra","Plant-based foods and beverages,Plant-based foods,Fats,Meats and their products,Spreads,Prepared meats,Salted spreads,Vegetable fats,Olive tree products,Rillettes,Vegetable oils,Olive oils,Potted meats,Greek oils and fats,fr:Rillettes de viande rouge,Extra-virgin olive oils,Pork rillettes,Virgin olive oils","824","0","0","91.6","0"
"Suyu süzülmüş kullanıma hazır yeşil mercimek","","167","18.7999992370605","9.39999961853027","2.90000009536743","14.1000003814697"
"Plant based spaghetti sauce","","66.6666666666667","10.8333333333333","2.5","1.66666666666667","0.250000009934107"
"butifarra blanca","","241","5.5","10","20",""
"Summer Middle Eastern Inspired Beef Kofta Kebabs","","196.923076923077","6.61538461538461","18.3076923076923","10.3076923076923","2.15384615384615"
"CREMA CALABACÍN","Plant-based foods and beverages,Beverages,Plant-based beverages","55.2999992370605","2.90000009536743","2.5","3.59999990463257",""
"Leche de avena / vainilla","","123","13","2","7","0.200000002980232"
"Légume","","30","3.29999995231628","2.40000009536743","0.100000001490116","3.29999995231628"
"Ei-Protein","","348","0.100000001490116","78","3.70000004768372","1.29999995231628"
"Honking","","186","15.7299995422363","5.53999996185303","9.82999992370605",""
"Glaces vegetales des alpes","","200","27.11","2.22","9.2",""
"Spiced Chai Latte","Plant-based foods and beverages,Beverages,Hot beverages,Plant-based beverages,Teas,White teas","20","2","1.9","0.2","1.3"
"Protein drink mix-vegan","","389.285714285714","21.4285714285714","53.5714285714286","9.28571394511632","3.21428562913622"
"Petit pods caroote","","62","8.19999980926514","4.30000019073486","0.400000005960464","4.19999980926514"
"Whey protein chocolate","","406","8.3","77","7.6",""
"V-protein schoko kokos","","395","4.4","71","9.7","3"
"Kitalé Kenya","","1","0.3","0.2","0",""
"Topping al cioccolato","","260","100","0","0.9","10"
"Fraises Lyophilisées","","323","53","7.90000009536743","3.79999995231628","20"
"Epazote","","387","8.66666666666667","73","6.33333333333333",""
"Spaghetti With Meat Sauce","","410","54","19","13","4"
"Biscuit du bourg de batz","","484","68.6","7.4","20.1",""
"Biscuits du Bourg de Batz","","548","53.4","7","34.1",""
"Potion d’Amour","","12","2.9","0","0","0"
"Lean Cuisine Salisbury Steak with Macaroni & Cheese","Salisbury-steak","92.9368029739777","10.4089219330855","8.55018587360595","1.6728624535316","0.743494423791822"
"Five cheese rigatoni","Plant-based foods and beverages,Plant-based foods,Meals,Pasta dishes,Pastas","127.208480565371","19.0812720848057","4.9469964664311","3.53356890459364","1.41342756183746"
"Bodylab whey protein powder","","385","7","75","5","0.8"
"ENSALADA DE PIMIENTOS","","128","4.69999980926514","3.90000009536743","10.1000003814697",""
"Pâté de chevreuil","","462","5","20","56",""
"La Pizza con Salame","","235","25.6","11.8","9.1","1.9"
"P'tits beignets parfum choco-noisette","Snacks,Sweet snacks,Sweet fritters","101","48","1.3","5.4",""
"Gebratene Nudeln","","291","19.1000003814697","10","3.79999995231628","1.79999995231628"
"Shakeology peppermint mocha","","400","45","40","7.5","15"
"petit dej Chococroustill","Snacks,Sweet snacks,Biscuits and cakes,Cakes","135","17.6","2.2","5.9","1.1"
"4 Beignets parfum chocolat-noisette *4","Snacks,Sweet snacks,Sweet fritters","394","48","6.7","19",""
"Instant Herbal beverage with tea extracts - Herbalife - Herbalife","","354","82","13","",""
"Flan","","250","36","4.40000009536743","9.60000038146973",""
"Petits sablés bio - goût caramel et tonka","","411","59.2","6.2","16",""
"Knusper-Müsli Mango","Plant-based foods and beverages,Plant-based foods,Breakfasts,Cereals and potatoes,Cereals and their products,Breakfast cereals,Cereals with fruits,Mueslis,Mueslis with fruits","422","67","10","11","7.3"
"Unwind trail mix","","529.411764705882","41.1764705882353","11.7647058823529","35.2941176470588","5.88235294117647"
"Retreat Trail Mix-Almonds, Dark Choc., Cashews","","594.594594594595","37.8378378378378","13.5135135135135","43.2432432432432","8.10810810810811"
"Isabar","Snacks,Sweet snacks,Bars,Cereal bars","399","49","28","9","5"
"Baked Beans","","84.5454545454545","13.0000001733953","4.81818199157715","0.500000010837208","4.09090909090909"
"4 beignets à la pomme","Snacks,Sweet snacks,Sweet fritters","310","49","6.6","9.6",""
"Past'amino","","302","38","28","2.2","8.4"
"Past’Amino","","302","38","28","2.2","8.4"
"5 Cheese  Rigatoni","Plant-based foods and beverages,Plant-based foods,Pastas,Rigatoni","127.208480565371","19.0812720848057","4.9469964664311","3.53356890459364","2.47349823321555"
"Whey Protein","","380","8.33333333333333","73.3333333333333","6",""
"Iso 100% whey zero","","353","1.79999995231628","83.3000030517578","1.39999997615814",""
"Traditional Wholegrains Porridge","","361","59","17.6","6","6.6"
"Roast chicken breast in mushroom sauce","Food additives,Thickeners","86.0310421286031","9.24611990309079","8.27050980866088","1.46341461300057","1.68514410302274"
"BERENJENAS PARMESANO","","88.0999984741211","4.5","3.5","5.90000009536743",""
"Weizen-Multi-Vitamin-Riegel","","491","67.3","6.7","21.5",""
"Compote de poire","Plant-based foods and beverages,Plant-based foods,Fruits and vegetables based foods,Desserts,Fruits based foods,Compotes,Pear compotes","157","36","0.6","0","3.6"
"PECHUGA PAVO  SALSA GAMBAS","","122","2","18.1000003814697","4.09999990463257",""
"Pizza raclette bacon","Meals,Pizzas pies and quiches","251","28","13","9.19999980926514","2.20000004768372"
"Pain perdu, compotée de rhubarbe et framboise","Snacks,Desserts,Sweet snacks,Biscuits and cakes,Pastries,French toast","147.2","22.18","2.95","4.59","1.94"
"Beignets chocolats noisettes decongelé","Snacks,Sweet snacks,Sweet fritters","394","48","6.7","19",""
"COCO by Angela","","186","6.1","2.3","16.9",""
"Haagen-Dazs Mini Cookie Crumble Ice Cream Bars","","347","29.47","4.21","24.21",""
"Greek Nonfat Yogurt","Dairies,Fermented foods,Fermented milk products,Desserts,Dairy desserts,Fermented dairy desserts,Yogurts","76.4705882352941","10","8.23529411764706","0","0"
"Grenadine","","41","10.1","0","0",""
"Lomo Gran Reserva 1909","","323","2.50999999046326","34.4700012207031","19.4599990844727",""
"Beignets à la pomme","Snacks,Sweet snacks,Biscuits and cakes,Cakes,Doughnuts,Jam doughnuts,Sweet fritters","301","46","6.2","10",""
"Coquille vol au vent","","150","15.6666666666667","11","4.66666666666667","1.33333333333333"
"Salade de fruits","","48","11","0.600000023841858","0.5","1"
"Barretta proteica","","383.333333333333","37.0185185185185","27.7592592592593","13.7962962962963","7.90740740740741"
"Mcchicken","","222","24","10","9.1","0.5"
"Gaufres traditionelles","","382","25","8.2","27",""
"sunflower lecithin","","500","10","450","50",""
"Ears beef jerkey","","60","3","10","1",""
"Ice cream drumstick","Dairies,Fermented foods,Fermented milk products,Cheeses","315.789473684211","41.0526315789474","4.21052631578947","15.7894736842105","2.10526315789474"
"Fette biscottate senza zuccheri aggiunti","","388","72","11","6.5","5.59999990463257"
"Shiro Miso","Plant-based foods and beverages,Plant-based foods,Legumes and their products,Misos,Miso-paste","191","21.9","12","5.4","3.2"
"Salsa dried chickeneats","","60","1","11","","1"
"Mandeln Naturbelassen","Plant-based foods and beverages,Plant-based foods,Nuts and their products,Nuts,Almonds,Shelled nuts,Shelled almonds,Whole almonds","588","9.1","21.2","49.9","12.5"
"Weizenriegel","","415","67.6","7.1","19.4",""
"šunka jeli Gavrilović kg","","433.333333333333","6.66666666666667","70","13.3333333333333",""
"Oat No Sugars","Beverages and beverages preparations,Plant-based foods and beverages,Beverages,Plant-based foods,Cereals and potatoes,Dairy substitutes,Cereals and their products,Milk substitutes,Plant-based beverages,Plant-based milk alternatives,Cereal-based drinks,Oat-based drinks","40","5.8","0.2","1.5","1.2"
"Medjool Dates, Extra Fancy","Plant-based foods and beverages,Plant-based foods,Fruits and vegetables based foods,Fruits based foods,Fruits,Dates,Medjool dates","333.333333333333","73.3333333333333","6.66666666666667","0","6.66666666666667"
"Pringle","","214","22","1.79999995231628","13","1.20000004768372"
"Gochujang","","199","42.1","6.2","1.4",""
"pureća prsa u ovitku pik kg","","679","13.1999998092651","22.2999992370605","61","9.77999973297119"
"Mc do frere","","7","8","9","8",""
"whey","","378","5","79","4","7.1"
"Filete de sardina en aceite de girasol","Seafood,Fishes and their products,Canned foods,Fishes,Fatty fishes,Canned fishes,Sardines,Canned sardines,Sardines in oil,Sardines in sunflower oil","303","0","18","25",""
"Gold Standard 100% Whey","","373","9.7","74","4.2",""
"Coca","Beverages","0.909090945214936","","","",""
"Sliced Cracked Wheat Sourdough Bread","Plant-based foods and beverages,Plant-based foods,Cereals and potatoes,Cereals and their products,Breads,Sourdough breads","255.813953488372","46.1538461538462","7.69230769230769","0.961538461538462","1.92307692307692"
"Chocolats belges","","555","50","7.69999980926514","36","1"
"Beurre de Cacahuètes Bio","Plant-based foods and beverages,Plant-based foods,Legumes and their products,Breakfasts,Spreads,Nuts and their products,Plant-based spreads,Sweet spreads,Oilseed purees,Legume butters,fr:Pâtes à tartiner,Nut butters,Peanut butters,fr:pate-de-noix","626","16.1","25.7","49.1","8.5"
"Beurre de Cacahuètes Bio","Plant-based foods and beverages,Plant-based foods,Legumes and their products,Breakfasts,Spreads,Nuts and their products,Plant-based spreads,Sweet spreads,Oilseed purees,Legume butters,fr:Pâtes à tartiner,Nut butters,Peanut butters,fr:pate-de-noix","626","16.1","25.7","49.1","8.5"
"Beurre de Cacahuètes Croquantes Bio","Plant-based foods and beverages,Plant-based foods,Legumes and their products,Breakfasts,Spreads,Nuts and their products,Plant-based spreads,Sweet spreads,Oilseed purees,Legume butters,fr:Pâtes à tartiner,Nut butters,Peanut butters,fr:pate-de-noix","626","16.1","25.7","49.1","8.5"
"Purée d'Amandes Blanches Crues Bio","Plant-based foods and beverages,Plant-based foods,Spreads,Nuts and their products,Plant-based spreads,Oilseed purees,Nut butters,Almond butters,fr:pate-de-noix","659","14","21.7","55.8","7"
"Purée de Noix de Cajou grillées Bio","Plant-based foods and beverages,Plant-based foods,Spreads,Nuts and their products,Plant-based spreads,Nuts,Oilseed purees,Nut butters,Cashew butters,Cashew nuts,fr:pate-de-noix","614","20.7","21","48.8","3.8"
"Purée de Sésame Tahini Bio","Plant-based foods and beverages,Plant-based foods,Breakfasts,Cereals and potatoes,Spreads,Cereals and their products,Plant-based spreads,Sweet spreads,Oilseed purees,fr:Pâtes à tartiner,Cereal butters,Tahini,fr:pate-de-noix","638","6","25.9","54.8","8.5"
"Purée de Noisettes Sans Sel Bio","Plant-based foods and beverages,Plant-based foods,Fats,Spreads,Nuts and their products,Plant-based spreads,Oilseed purees,Nut butters,Hazelnut butters,fr:pate-de-noix","702","17.9","14","61.8","9"
"Purée de Pistaches Bio","Plant-based foods and beverages,Plant-based foods,Spreads,Nuts and their products,Plant-based spreads,Oilseed purees,Nut butters,Pistachio butters,fr:puree-de-pistache,fr:pate-de-noix","659","14.9","22.3","54.7","8.9"
"Purée de Graines de tournesol Bio","Plant-based foods and beverages,Plant-based foods,Seeds,Spreads,Plant-based spreads,Oilseed purees,Sunflower seeds and their products,Sunflower seed butters","609","11.4","20.7","51.4","9"
"Organic almond butter raw","Plant-based foods and beverages,Plant-based foods,Spreads,Nuts and their products,Plant-based spreads,Oilseed purees,Nut butters,Almond butters","659","14","21.7","55.8",""
"Purée d'Amandes Blanches Grillées Bio","Plant-based foods and beverages,Plant-based foods,Spreads,Nuts and their products,Plant-based spreads,Oilseed purees,Nut butters,Almond butters,fr:pate-de-noix","659","14","21.7","55.8","7"
"Purée de Noix de Cajou Crues Bio","Plant-based foods and beverages,Plant-based foods,Spreads,Nuts and their products,Plant-based spreads,Oilseed purees,Nut butters,Cashew butters,fr:pate-de-noix","565","22.5","18.1","43.9","3.3"
"Beurre amandes et noisettes","","656","14.1999998092651","16.7999992370605","57","9.80000019073486"
"Beurre d’amende et noix de coco","","543","12.6999998092651","17.2999992370605","453","8.69999980926514"
"100% WALKERS GREAT BRITISH POTATOES LEGENDARY READ","Plant-based foods and beverages,Plant-based foods,Snacks,Cereals and potatoes,Salty snacks,Appetizers,Chips and fries,Potatoes and their products,Crisps,Salty snacks made from potato,Potato crisps","517.925430210325","52","6.4","31","4.3"
"Sun bites sweet chilli","","119","15","1.8","5.2","1.7"
"sge SUNK HIGH IN FIBRE BITES SOUR CREAM 100% WHOLE","","475","59","7","22","8.2"
"walkers","Plant-based foods and beverages,Plant-based foods,Snacks,Cereals and potatoes,Salty snacks,Appetizers,Chips and fries,Crisps,Potato crisps,Salt and vinegar crisps","513","54","6.3","30","6.2"
"Cheese and onion","Plant-based foods and beverages,Plant-based foods,Snacks,Cereals and potatoes,Salty snacks,Appetizers,Chips and fries,Crisps,Potato crisps,Flavoured potato crisps,Cheese and onion crisps","515","54","6.6","29","6.4"
"ked e use carefully ty ingredients never fried...","Snacks,Salty snacks,Appetizers,Chips and fries,Crisps,Oven-baked-crisps,Walkers-crisps","436.363636363636","72.7272727272727","5.90909090909091","12.7272727272727","6.36363636363636"
"Oven Baked Prawn Cocktail","","94","15","1.1","2.8",""
"Flame Grilled Steak","","466.666666666667","62.5","7.08333333333333","20.4166666666667",""
"Vegan Grilled Cheese Toastie Crisps","Plant-based foods and beverages,Plant-based foods,Snacks,Cereals and potatoes,Salty snacks,Appetizers,Chips and fries,Crisps,Potato crisps","470.833333333333","62.5","7.08333333333333","20.8333333333333","4.16666666666667"
"BBQ pork ribs","","114","15","1.70000004768372","5.30000019073486","1"
"Wotsits Walkers","Plant-based foods and beverages,Plant-based foods,Snacks,Cereals and potatoes,Salty snacks,Appetizers,Chips and fries,Crisps,Potato crisps","470","61","7.1","21","4.4"
"Monster munch","","470","62","6.7","21","4.4"
"Natural Chocolate","","360","32.8","24","24","16"
"Walkers roast chicken with heinz mayonnaise","","512","52","6.4","29.2","6.4"
"Cheese Toastie with Heinz Beanz Flavour Potato Crisps","Plant-based foods and beverages,Plant-based foods,Snacks,Cereals and potatoes,Salty snacks,Appetizers,Chips and fries,Crisps,Potato crisps","512","54","6.4","29","6.3"
"Sausage Sarnie With Ketchup","","512","52","6.4","29.2","6.4"
"Chilli Heatwave","Snacks,Salty snacks,Appetizers,Chips and fries,Crisps,Corn chips,Flavoured corn crisps","480","60","6.33333333333333","22.3333333333333","5.66666666666667"
"BOLDER CRUNCH ICONIC TASTE Doritos TANGY CHEESE FL","Snacks,Salty snacks,Appetizers,Chips and fries,Crisps,Corn chips","480","60","6.66666666666667","22","18.3333333333333"
"BOLDER CRUNCH ICONIC TASTE Doritos COOL ORIGINAL F","","480","60","6","22","5.66666666666667"
"Thai sweet chilli sensations","Plant-based foods and beverages,Plant-based foods,Snacks,Cereals and potatoes,Salty snacks,Appetizers,Chips and fries,Potatoes and their products,Crisps,Salty snacks made from potato,Potato crisps,Flavoured potato crisps","487.810707456979","54","6.6","26","5.9"
"serving contains: Saturates Sugars Salt 0.6g 0.7g","Plant-based foods and beverages,Plant-based foods,Snacks,Cereals and potatoes,Salty snacks,Appetizers,Chips and fries,Potatoes and their products,Crisps,Salty snacks made from potato,Potato crisps","512","52","6.4","29.2","4"
"Walkers Crisp Famously Worcester Sauce Crisps","","508.126195028681","53","6.3","29","4.3"
"SOME SEE POTATOES WE SEE POTENTIAL 100% GREAT BRIT","Plant-based foods and beverages,Plant-based foods,Snacks,Cereals and potatoes,Salty snacks,Appetizers,Chips and fries,Potatoes and their products,Crisps,Salty snacks made from potato,Potato crisps","506.931166347992","53","6.1","29","4.6"
"Seriously Salt & Vinegar","Plant-based foods and beverages,Plant-based foods,Snacks,Cereals and potatoes,Salty snacks,Appetizers,Chips and fries,Crisps,Potatoes and their products,Potato crisps,Salt and vinegar crisps","508.365200764818","53","5.9","29","4.5"
"Supreme Prawn Cocktail","Plant-based foods and beverages,Plant-based foods,Snacks,Cereals and potatoes,Salty snacks,Appetizers,Chips and fries,Crisps,Potatoes and their products,Potato crisps,Flavoured potato crisps","508","52","6","28.8","4.4"
"Bbq Sauce Crisps","","508","52","6.4","29.2","4.8"
"40 SUME SEL POTATOES, WE SEE POTENTIAL 100% GREAT","Plant-based foods and beverages,Plant-based foods,Snacks,Cereals and potatoes,Salty snacks,Appetizers,Chips and fries,Potatoes and their products,Crisps,Salty snacks made from potato,Potato crisps","513","54","6.6","29",""
"JAPAN WALKERS STICKY TERIYAKI FLAVOUR POTATO CRISP","Plant-based foods and beverages,Plant-based foods,Snacks,Cereals and potatoes,Salty snacks,Appetizers,Chips and fries,Potatoes and their products,Crisps,Salty snacks made from potato,Potato crisps","508","52","6","28.8","4.4"
"Masala Chicken","Snacks,Salty snacks,Appetizers,Chips and fries,Crisps","508.843212237094","54","6.1","29","4.6"
"Paprika Flavour Ridged Potato Crisps","","508","54","6.2","29","4.7"
"Hot Honey Crisps","","512","56","5.6","28.8","4.4"
"Lightly Salted","","520","52","6","30.4","4.8"
"Lightly Cheese & Onion","Snacks,Salty snacks,Appetizers,Chips and fries,Crisps","520","52","6.8","29.6","6.4"
"Croissant pur beurre","","429","42.5","9.7","23.9",""
"goyave ananas pomme","","56","13","1","0.5","1.1"
"Peito de Peru Defumado Fatiado Vita SADIA Bandeja 200g","Meats and their products,Frozen foods,Meats,Frozen meats","90","0","18.3333333333333","1.33333333333333","0"
"Praline mit Foto-Herz-massiv-26 Stück","de:pralinen-mit-foto","563","52.1","6.8","35.9","0"
"Mousse au chocolat noir","Dairies,Desserts,Dairy desserts,Chocolate desserts,Sweet mousses,Dairy Mousses,Chocolate mousses,fr:Mousses au chocolat noir","631","10","27","52",""
"PureNourish","","116","1.89999997615814","18","2.5","7.40000009536743"
"Chocolat noir BIO 85%","","639","20.6","9","55.3","11.5"
"Pure nourish","","440.600006103516","","10.6999998092651","",""
"Parmesan","","466.666666666667","6.66666666666667","40","30",""
"Yogourt grec","","150","16","14","3",""
"Fèves au sirop d’érable","","152","29.6","5.6","2.4","4.8"
"Chaise","Meals,Pasta dishes,Stuffed pastas,Ravioli with ricotta and spinach","12","35","1","55","67"
"Ricotta sita","Dairies,Fermented foods,Fermented milk products,Cheeses,Italian cheeses,Ricotta","143","3.9","8.1","11",""
"Blanc de poulet rôti","Meats and their products,Prepared meats,Chicken and its products,Prepared poultry meats,Prepared chicken meats","106","3.1","19","2","0.008"
"Tuna in Olive Oil","Fish and meat and eggs","204","0","24","12",""
"Cannellini Beans in salted water (20166076)","Plant-based foods and beverages,Plant-based foods,Fruits and vegetables based foods,Legumes and their products,Canned foods,Legumes,Seeds,Vegetables based foods,Canned plant-based foods,Legume seeds,Canned vegetables,Pulses,Common beans,Canned legumes,White beans,Canned common beans,Canned white common beans","92","12.5","6.1","0.6",""
"Coca Cola","","140","3","","",""
"Orange juice","","140","33","2","",""
"YOGURT FRUTOS ROJOS","","44","11.7","3.5","2.2",""
"Gold peak tea sweet tea","","34.7349177330896","8.77513711151737","","",""
"Cherry Coca-Cola","","43.9932318104907","11.844331641286","","",""
"Minute Maid Fruit Punch","","508.474576271186","11.864406779661","","",""
"Fanta orange","","45.045045045045","12.1621621621622","","",""
"noix de cajou vrac","Plant-based foods and beverages,Plant-based foods,Nuts and their products,Nuts,Cashew nuts","702","5.3","14.8","66.7","6.4"
"Root beer","","45.0704225352113","12.3943661971831","","",""
"Half Tea Half Lemonade","","100","25","","",""
"Honey  Green Tea","","14","3.8","","",""
"Simply lemonade","","45.8333333333333","27.9999987284342","","",""
"Simply Light Lemobade","","25","7","","",""
"Simply light orange juice","","50","12","1","",""
"Simply Light Orange Juice","","20.8333333333333","5","0.416666666666667","",""
"Orange Juice","","45.8333333333333","10.8333333333333","0.833333333333333","",""
"Simply Orange","","110","26","2","",""
"Simply Orange with Pineapple Juice","","45.8333333333333","11.25","0.833333333333333","",""
"The Simply Orange Juice","","41.6666666666667","10.8333333333333","","",""
"Watermelon Juice Drink","","37.5","9.58333333333333","","",""
"Pibb Xtra","","39.4366197183099","11.2676056338028","","",""
"Fruit Punch","","270","30","","",""
"Minute made lemonade","","30","11.830985915493","","",""
"Ginger Ale","","36","48","","",""
"Green Teak","","100","7.35294117647059","","",""
"Peach Tea  Peace Tea","","22.0588235294118","5.88235294117647","","",""
"Orange juice","","45.8333333333333","11.25","0.833333333333333","",""
"100% pure squeezed orange juice","","110","27","2","",""
"Green tea","","160","15","","",""
"Orange juice","","110","26","2","",""
"Vitamin water açaí blueberry pomegranate","","100","26","","",""
"2 maxi best of chicken Mcnuggets","Meats and their products,Meat preparations,Chicken and its products,Chicken preparations,Breaded products,Breaded chicken,Poultry nuggets,Chicken nuggets","0","","","",""
"Beef Shui Jiao/Dumplings","Meals,Chinese dumplings,Frozen Chinese dumplings","177.2","19.2","7.1","8",""
"Get 27","","225","18.7999992370605","","",""
"2 maxi best ok et 2 happy meal","","599","87","17.3","20.8","8.5"
"Super fruit punch","","35","8","","",""
"Peach Oolong Tea","","12.6849894291755","3.38266384778013","","",""
"Honest Kids Organic Berry Good Lemonade","Beverages,Carbonated drinks,Sodas","35","8","","",""
"Coca Cola with coffee vanilla","","19.7183098591549","5.07042253521127","","",""
"Fruit punch","","33.3333333333333","91.6666666666667","","",""
"Dunkin iced coffee French vanilla","","270","42","7","9",""
"Orange juice vitamin c & zinc","","20.8333333333333","4.58333333333333","","",""
"Low fat milk 1%","Dairies,Milks,Skimmed milks","41.6666666666667","5","3.33333333333333","1.04166666666667","0"
"Pomegranate","","16","4.4","","","22"
"Vitamin Water Power-C","","16.9204737732657","4.56852791878173","","",""
"Dragonfruit","","100","","","",""
"Vitamin water","","16.9204737732657","4.73773265651438","","",""
"Vitamin water","","100","26","","",""
"Vitamin  Water  Zero Look","","5","","","",""
"Vitamin Water Zero Sugar - Gutsy","","1.69204737732657","0.846023688663283","","1.35363790186125",""
"Coke","","240","65","","",""
"Just peachy","","150","40","","",""
"Berry","","42.2535211267606","11.5492957746479","","",""
"Fanta ananas","Beverages","50.7042253521127","","","",""
"Nectar bio sans sucres ajoutés","","32","7.40000009536743","0.200000002980232","0.100000001490116","0.100000001490116"
"Cherry","","150","42","","",""
"2500013056","","45","11","","",""
"Think! Protein+ Salter Caramel Bar","","150","20","10","4.5","5"
"Jugo de Naranja prensado en frio","","175","12","","",""
"Mango peach","","170","19","","",""
"Zero Sugar with love raspberry dark chocolate","","1.69204737732657","0.169204737732657","","",""
"Vitamin Water","","100","27","","",""
"Dunkin’ Donuts iced coffee vanilla cake","","61.5384615384615","9.84615384615385","1.84615384615385","1.84615384615385","0.307692307692308"
"Lemon Tea","","23.7659963436929","6.21572212065814","","",""
"Apple juice","","87.5","22.5","","",""
"Lemonade with strawberry","","110","27","","",""
"Coca-cola","","34","9.31","","",""
"Honest kids","","19.774011299435","4.51977401129944","100","","25"
"Xxx  açaí blueberry pomegranate","","80","22","","",""
"rote linsen","","337","46.5","25.8","1.6","16.5"
"Hydro 90 BV 104 Whey Protein","Dietary supplements,Bodybuilding supplements,Whey-protein","384","1.8","88","2.4","1.5"
"Fiber","","180","11","1","1","81"
"Greek 0% Fat","Dairies,Fermented foods,Fermented milk products,Desserts,Dairy desserts,Fermented dairy desserts,Yogurts","57","3.6","9.5","0.5","0"
"Mini payés de salmón con huevo","","257","21","11.7","13.7",""
"Triángulo de tortilla con cebolla","Meals,Spanish omelettes","182","28.6","5.2","4.5",""
"Slim jamon, crema brie y triguero","","200","19.1","13.7","6.4",""
"Chocolat protein powder","","421.052631578947","21.0526315789474","65.7894736842105","7.89473684210526","2.63157894736842"
"Power boost","","14.5","","","","5"
"Paëlla de poulet","","312.5","0","31.25","21.875","0"
"Bougatsa","","278","35.7","5.1","12.3",""
"Mehrkomponeneten Protein 90 C6 Haselnuß","Dietary supplements,Bodybuilding supplements,Protein powders","361","2.5","85.5","1",""
"Croissant proteico dimagra","","324","8","30","20",""
"Giving greens","","15","3","1","","2"
"Giving greens","","187.5","","12.5","","37.5"
"Proteína de Soya My Smart Shake","Dietary supplements,Bodybuilding supplements,Protein shakes","364.1","10.2","46.1","15.3","20.5"
"L-lysine defense","","0","","","",""
"Berlingot Noisettes","","222","18","25","4.59999990463257","3.09999990463257"
"Meringue Pépites de chocolat","","307","68.2","3.3","2.4",""
"Père Noël Lait","Snacks,Sweet snacks,Cocoa and its products,Chocolates,Chocolate molds,Milk chocolates,Chocolate Sculptures,Chocolate Santa Clauses","565","49.33","7.42","36.65","3.45"
"Effeuille de canard confit et polenta moelleuse","","162","7.32","6.88","11.7","0.6"
"Andrè","","165","65","1.5","2","3"
"Bio te verde","Beverages and beverages preparations,Plant-based foods and beverages,Beverages,Hot beverages,Plant-based beverages,Teas,Green teas","5.1","1.09","0","0","0"
"Chicken fettuccine with broccolini","","86.9767441860465","9.37209284582803","7.25581413091615","1.9069766998291","1.37209304543429"
"Chicken Fettuccine with Broccolini","","86","9.39999961853027","7.09999990463257","1.89999997615814","1.5"
"Rooihod de Noël","","1","0","0.1","0","0"
"Ciao le sel ! Iodé","Plant-based foods and beverages,Plant-based foods,Condiments,Spices,fr:substituts-de-sel","459","16","16","35",""
"Fitline proshape all in 1 choco chrunch","","370.967741935484","41.2903225806452","23.3870967741935","11.4516129032258","9.51612903225807"
"The simpsons donuts","Snacks,Sweet snacks,Biscuits and cakes,Cakes,Doughnuts","470","46.3","5","28.9",""
"Creme","","76","6.3","2.9","4.3","0.2"
"Roti Wraps","Plant-based foods and beverages,Plant-based foods,Cereals and potatoes,Breads,Flatbreads,White breads,Wheat breads,Wheat flatbreads","289","44.8","7.6","7.8",""
"Boneless Pork Chops","","198.41619781654","0","29.9828921144994","7.9366479126616","0"
"Pork Tenderloin","","235.294117647059","0","41.1764705882353","7.05882352941176",""
"Prime Pork Ribeye","","214.285714285714","0","16.9642857142857","16.0714285714286","0"
"Usana chocolate protein powder","","406.779661016949","54.2372881355932","25.4237288135593","10.1694915254237","3.38983050847458"
"Nutrimeal Dutch Chocolate","","400","54","25","12.3999996185303","13.6999998092651"
"Barre. Céréale","","369.090909090909","34.5454545454545","25.4545454545455","11.9999998266047","13.0909087441184"
"Bar","","203","","","",""
"Soupe végétale","","683.333333333333","70","63.3333333333333","13.3333333333333","16.6666666666667"
"Lingots Orange Choconoir","","505.791505791506","42.4710424710425","10.03861003861","32.0463320463321",""
"Soupe","","25","","","",""
"Karamel Sutra Ice Cream","","256","27","4.1","13.99988","1"
"Hkbujvj","","355","8","51","32","2"
"Usana nutrimeal protein powder","","240","33","15","7","8"
"Bijou tradition pâtissiere","Snacks,Sweet snacks,Biscuits and cakes,Cakes,Pastries,Madeleines","511.4","41","9.1","34","2.5"
"Collagen Peptides","","25","","6","",""
"Achieve Bar","","370.967741935484","38.7096774193548","32.258064516129","16.1290322580645","3.2258064516129"
"Pepperoni pasta","","110.649350649351","16.4675328638646","5.89610409426999","1.92207794684868","1.63636368590516"
"Nadalin","","424","33","0.1","29","0"
"Tacchino tonnato","","221","5.5","9.39999961853027","17.3999996185303","2"
"Flautas de pollo","","232","31.5","7.9000000953674","7.9000000953674",""
"Pringles","Snacks,Salty snacks,Appetizers,Chips and fries,Crisps","518","56","6.40000009536743","29","3.79999995231628"
"Bbreack olive","","241","35","7.1","7.4","3.2"
"Gummidrops Eukalyptus Menthol","","340","78","","",""
"Madeleines Bijou","Snacks,Sweet snacks,Biscuits and cakes,Cakes,Chocolate cakes,Madeleines,Chocolate madeleines,fr:madeleines-chocolat-noisette","495","51","6.6","29","1.8"
"Clafoutis aux poires","","226","21.6","4","13.6","0.5"
"Juice plus chocolate und vanilla","","354","30","34","7.30000019073486","16"
"Organic Vegan Protein Shake Mix","Dietary supplements,Bodybuilding supplements,Protein powders","120","11","20","2","5"
"Complete","Meals,Meal replacements","375","46","25.3","6.9","15"
"Madeleines écrin","","465","52","6.19999980926514","25","3.40000009536743"
"P'tits-B Crousti'Choco","","475","60","9.1","21","5"
"Mélange pour produits  de boulangerie proteine - Herbalife","","100","6","15","2.5","2"
"madeleines ecrin","Snacks,Sweet snacks,Biscuits and cakes,Cakes,Chocolate cakes,Madeleines,Chocolate madeleines","369.946666666667","47.0559","3.42653333333333","37.0124333333333","1.496"
"Pesto fettuccine","","500","57.1428571428571","0","28.5714285714286","10.7142857142857"
"Petit beurre tablette choco","fr:gouter-petit-beurre-chocolat","510","66","6.3","24","2.4"
"Lemon pepper chicken caesar (Half Dressing, 1/3 Strips)","","102.827763496144","5.39845758354756","8.74035989717224","5.1413881748072",""
"Gerookte schouderham","","119","3","17","4.5",""
"Jamón de cebo ibérico","","263","0","32","15",""
"Crema fresca verduras","Plant-based foods and beverages,Plant-based foods,Fruits and vegetables based foods,Meals,Soups,Cream soups,Vegetable soups,Cream of vegetable soups","23","3.3","0.8","0.5",""
"Crema de Calabaza y Zanahoria","","38","5","0.6","1.4",""
"Crema Fresca Verduras","","0.59","33","0.8","0.5648",""
"MK Seed Mix","","474","0.8","27","35","27"
"Crema de calabacin select chef","","29","1.5","0.8","13",""
"Crema fresca calabacin","","29","1.5","0.8","13",""
"Hackfleisch","","2","0.3","0.2","0.1",""
"Crema de calabaza y zanahoria chef select","Plant-based foods and beverages,Plant-based foods,Fruits and vegetables based foods,Meals,Soups,Vegetable soups,Cream soups,Cream of vegetable soups,Cream of pumpkin soups","38","5","0.6","1.4",""
"Crema de verduras chef select","","23","3.3","0.8","0.5",""
"Puré calabacín","","13","1.5","0.8","1.3",""
"Crema de calabaza y zanahoria","","38","5","0.6","1.4",""
"Tee Latte Vanille","","56","","","",""
"Brasato al vino rosso","","139","1.5","17","7","1"
"Calabaza y Zanahoria","","37.5","5","0.6","1.4","2.7"
"Rillettes de canard au foie gras","Meats and their products,Spreads,Meats,Prepared meats,Salted spreads,Poultries,Rillettes,Potted meats,Ducks,White meat rillettes,Poultry rillettes,Duck rillettes","25","0.475","13.05","42.75",""
"Salade shaker chef","","72","5.2","7","2.2",""
"Miel","","33","80","0.5","","0.5"
"Phosphatidyl serine 400mg","","0","","","",""
"Infusion","","1","0","0.1","0","0"
"Bœuf, marchand de vin","","95","2.97619047619048","6.85714267549061","5.76190494355701","1.78571428571429"
"Cookies","","441","61","6","19","2"
"Les fritures gourmandes","","582","44.95","7.38","40.49",""
"Vollmilchpulver","","492","40.6","23.8","26",""
"Salade de macedoine de légumes","Plant-based foods and beverages,Plant-based foods,Snacks,Salty snacks,Appetizers,Meals,Prepared vegetables,Cold starters,Vegetables macedoines","143","3.9","1.9","12.7",""
"Baguette Poitevin","","207","27.5","8.9","6.7","1.7"
"Pure whey","","386.666666666667","8.33333333333333","76.6666666666667","3.33333333333333",""
"4 petits carrés","","507","17","6.5","26","1.70000004768372"
"Whey-Protein-Isolat Pistazien-Geschmack","","347","1.2","83","1","0.4"
"Collagen peptides - Nutra Champs","","357.142857142857","","85.7142857142857","",""
"Sweet Mango Chutney","Plant-based foods and beverages,Plant-based foods,Spreads,Plant-based spreads,Chutneys,Fruit chutneys,Mango chutneys","238.0355","56.8745","0.44685","0.279125","1.11575"
"Lemon Poppy Seed","","45","7","0.200000002980232","2",""
"Zesty Italian","","33.3333333333333","6.66666666666667","0.333333338300387","",""
"Slow cooked beef with red wine and mustard glaze","","98.1609195402299","8.09195419837689","9.24137948573321","2.71264372200801","2.16091945253569"
"Slow cooked beef with red wine & mustard glaze","","93.1034482758621","7.26436790378614","9.17241414388021","2.55172422562522","1.95402298850575"
"Frukt rod","","0","0","0","0",""
"ICE TEA","Beverages,Tea-based beverages,Iced teas","0","0","0","0",""
"Instant noodles crevette","","446","60.8","10","17.1","4.6"
"Shake vanille","","209","22","19","2.5","5"
"Lemon, garlic, parsley crusted salmon","","121.25","5.02250003814697","9.68249988555908","6.88500022888184",""
"Menuto soupe st germain","","33","","","",""
"West Indian sea bass with veg","","433","37","35.7000007629395","14.6000003814697",""
"Bon macdo","","10","30","34","30",""
"Tester","Plant-based foods and beverages,Plant-based foods,Breakfasts,Cereals and potatoes,Meats and their products,Cereals and their products,Meats,Breakfast cereals","2121","2312","213","2321","23.123"
"yogurt","Dairies,Fermented foods,Fermented milk products,Desserts,Dairy desserts,Fermented dairy desserts,Yogurts","315","10","15","21","13"
"Croissants pur beurre","Snacks,Sweet snacks,Sweet pastries and pies,Viennoiseries,Croissants,Butter croissants","414","45","8.6","22.2",""
"Super greens","","333.333333333333","55.5555555555556","22.2222222222222","","22.2222222222222"
"Compote pomme framboise et crumble","","141","20.7999992370605","1.20000004768372","3","2.90000009536743"
"Suedois thon","","162","20.7","9.1","3.7",""
"Bakers Best, White Bread","Plant-based foods and beverages,Plant-based foods,Cereals and potatoes,Breads","235","50","8.82","1.47","2.9"
"Bakers Best, Rye Bread","Plant-based foods and beverages,Plant-based foods,Cereals and potatoes,Breads","256","53.85","7.69","2.56","2.6"
"Salt & Vinegar Crisps","","135","16.5","0.8","7.7","0.5"
"Dunkin egg & cheese wake up wrap","","180","14","7","10",""
"Pringles BBQ mini can","","512","58.97","5.13","30.77","2.56"
"Collagen Peptides","","350","","90","",""
"Ciabatta Bombay","","174","29.3","8.9","2.3",""
"baked crisps","Snacks,Salty snacks,Appetizers,Chips and fries,Crisps","438","73","5.9","13","6.3"
"Salame milano di puro suino","Meats and their products,Prepared meats,Cured sausages,Salami","404","0.5","24","34",""
"Bacon","","189","2","16","13",""
"Honey","Non food products","50","1","10","1",""
"Red thai king prawns with cabbage rice and stir fried veg","","118.095238095238","10.4047620864142","7.59523800441197","5.33333324250721",""
"Eclairs","Snacks,Sweet snacks,Biscuits and cakes,Pastries,Eclairs,Chocolate eclairs","237","32","4.6","9.5",""
"Navarin de la mer","","90.174672489083","4.80349344978166","10.2620087336245","2.62008733624454","0.655021834061135"
"Lean Ground Beef Patties","","160","","23","8",""
"Ciabatta Roma","","216","31.5","12.5","4.5",""
"Chicken Alfredo (PLN)","","484","35","51","17","5"
"Vegetarian spaghetti bolognaise","","104.415584415584","16.3896099932782","6.18181798365209","1.1428571676279","1.48051943097796"
"Pâtes à gaufre","","198","38","5.80000019073486","2.20000004768372","1"
"Mais","","83","12","2.6","1.8","3.9"
"Piment","","39.79","6.9","1.39","3.98",""
"Céréales Peanut Butter","","410","35","36","13","6"
"Thai yellow vegetable curry","","107.297297297297","10.7567565505569","4.51351371971337","4.59459459459459","2.54054043744061"
"Chocolate orange shake","","353","21","35","9","15"
"Japanese vegetable stir fry with udon noodles","","97.5308641975309","11.4074075957875","5.28395052309389","2.83950617283951","2.39506168130003"
"TEST CF BLANC","","169","6","2.5","15",""
"MCT OIL ketodiet","","644","0","0","94.7",""
"Mini cracker proteici","","382","4","36","18","30"
"Crostini classici proteici","","374","8","40","14","28"
"Croissant Proteico al cioccolato","Snacks,Sweet snacks,Sweet pastries and pies,Viennoiseries,Croissants","335","10","25","20","14"
"Plumcake proteico","Snacks,Sweet snacks,Biscuits and cakes,Cakes,Plum cakes","412","8","28","24","15"
"Bio Erbsen Protein 82%","Dietary supplements,Bodybuilding supplements,Protein powders","402","0","82","7.8",""
"Zuppa proteica promosprint","","320","54","18","1.8","8"
"Flavour Powder Hazelnut Nougat","","200","12","3.6","1.7","61"
"Whey protein","","387.096774193548","3.2258064516129","87.0967741935484","3.2258064516129",""
"Rainbow pack","Plant-based foods and beverages,Plant-based foods,Fruits and vegetables based foods,Fruits based foods,Fruits,Berries","51.4018691588785","12.2523361277357","1.07009344011824","0.462616826886329","4.3925231862291"
"Beignets gourmands parfum choco-noisettes","Snacks,Sweet snacks,Biscuits and cakes,Cakes,Doughnuts,Doughnuts filled with chocolate","406","50","0","20",""
"Religieuse au chocolat","","18","25","0.4","18",""
"Soupe aux poireaux et lentilles à la française","Meals,Soups","361.11111111111","63.888888888889","22.222222222222","1.3888888888889","25"
"Chargrilled chicken with pesto and Napoli sauce","","75.3333333333333","7.42222256130642","6.91111119588216","1.62222226460775","1.64444446563721"
"Chargrilled chicken with pesto and Napoli sauce","","75.3333333333333","7.42222256130642","6.91111119588216","1.62222226460775","1.64444446563721"
"Musclewhey","","382","8.27000045776367","74.629997253418","3.99000000953674",""
"Piñon nacional","","505","3.97","12.98","48.59",""
"Shakeology chocolate flavor","","160","17","16","3","6"
"Slow Cooked Greek Style Lamb","","88","7.59999990463257","7.69999980926514","2.5","2.09999990463257"
"Tortillas de  maíz","","90","19","2","1","2"
"Mehrkomponeneten Protein 90 C6 Banane","Dietary supplements,Bodybuilding supplements,Protein powders","361","2.5","85.5","1",""
"Crema di nocciola","","549","46","9.8","35",""
"Leffe","Beverages and beverages preparations,Beverages,Alcoholic beverages,Beers,Breakfasts,Spreads,Sweet spreads,fr:Pâtes à tartiner","58","0","0","0",""
"Chicken Souvlaki Pita Wrap","","136","14.6","9.2","4.6","2"
"Peach","","38","7.6","10","0.5","1.5"
"Blanc de poulet zéro nitrites","Meats and their products,Meats","104","0.5","20","2.40000009536743",""
"Organic India pre and probiotic Psyllium husk","","35.7142857142857","","","","8.57142891202654"
"T'choupi","","0","","","",""
"Rice Crackers","","120","18","1","5",""
"Boisson nutritionnelle pêche litchi","","776.923076923077","46.1538461538462","92.3076923076923","18.0769223433274","19.2307692307692"
"Nat","","423","65","9.5","12",""
"Nährshake","","357","25","35","8","15"
"Salambo au kirsh","","229","31","2.7","10",""
"Hafermilch","Beverages and beverages preparations,Plant-based foods and beverages,Beverages,Plant-based foods,Cereals and potatoes,Dairy substitutes,Cereals and their products,Milk substitutes,Plant-based beverages,Plant-based milk alternatives,Cereal-based drinks,Oat-based drinks","46","6.6","1","1.5","0.8"
"Protein Pudding Vanilla","","361","5.7","75","3.6","3"
"Barre aux proteines","","140","16","10","4",""
"Lomo ibérico de Bellota","","347","0.5","36.5","22.3",""
"Protein Drink Mix","Dietary supplements,Bodybuilding supplements,Protein powders,Protein shakes","387","24","53","8.2","1.3"
"Chocolate nutriment active","","240","25","20","9","10"
"Proteinbar with lemon flavour","Snacks,Canned foods,Sweet snacks,Bars,Dietary supplements,Bodybuilding supplements,Protein bars","398","45","28","12","0"
"Smokey bahart mango chicken","","144.088669950739","14.3349753694581","12.1674876847291","4.01477832512315",""
"Confit d'Oignons ou de figues","Plant-based foods and beverages,Plant-based foods,Fruits and vegetables based foods,Condiments,Spreads,Vegetables based foods,Culinary plants,Plant-based spreads,Salted spreads,Onions and their products,Chutneys,Onion chutneys,Groceries","173","42","0.5","0.5",""
"Schoko Nougat Crunch","","410","37.1428571428571","40","13.5714285714286",""
"Gluten free multigrain bread","Plant-based foods and beverages,Plant-based foods,Cereals and potatoes,Cereals and their products,Specific products,Products for specific diets,Breads,Products without gluten,Gluten-free breads","156.010056985294","33.5025772058824","2.37644724264706","1.90959191176471","1.59743933823529"
"Ashwagandha Root Powder","","2.002","0.46","0.036","0.002",""
"Nutrek","Plant-based foods and beverages","510.909090909091","40.9090909090909","86.8181818181818","0","10.4545454545455"
"Lean cuisine macncheese","","280","35","18","7","1"
"Quatre quarts au pomme","","322","42","4.1","15",""
"Bodylean 25","","140","5","25","2.5","1"
"Mixed nut butter","","200","8","7","16","4"
"Pomme noisette","","178","26","2.5","6.69999980926514","1.89999997615814"
"Ricotta and cheese spinach ravioli","","110.62","17.7","4.42","2.65","1.77"
"Nut butter bar","","220","28","6","10","3"
"Cliff Nut Butter Bar","","460","52","14","22","6"
"Nut butter bar","","230","26","7","11","3"
"Peanut butter nut bar","Snacks,Sweet snacks,Bars","230","27","7","11","3"
"Italian Mozzarella Cheese","","220","2","17","16","0"
"Vitello tonnato","","193","0.69999998807907","1","2.9000000953674",""
"Cannelloni di crespelle speck e brie","","188","10.5","7.7","12.6","0.9"
"Gnocchetti alla romana","","128","18.7","5.7","3","1.8"
"Fruity crunch premium whey protein","","392.749244712991","9.06344410876133","75.5287009063444","7.55287009063444","3.02114803625378"
"Skin boost plus","","23","","5","",""
"Miel de fleurs","Breakfasts,Spreads,Sweet spreads,Bee products,Farming products,Sweeteners,Honeys,Flower honeys","318","79","0.5","0",""
"Tiramisu cappuccino","Dairies,Snacks,Desserts,Sweet snacks,Dairy desserts,Biscuits and cakes,Pastries,Tiramisu,Coffee tiramisu","290","34","3.9","14",""
"Matcha latte - Jade Leaf","","400","90","10","","10"
"Tartufo","","250","34","3.79999995231628","8.89999961853027","2.40000009536743"
"Siggis","","150","6","18","6",""
"Plant-based caprese","","344","21","5.19999980926514","26","2.5"
"Maltodextrine","","188","47","","",""
"Jimmy  Dean  Meat Lover Stuffed Hashbrown","","290","25","10","17","1"
"Lasaña de espinacas","","538","9.4","5","8.4",""
"Sandwich brioche saumon façon caesar","","209.300003051758","20.7000007629395","11","10.1000003814697","2"
"Ravioles et courgettes","","203","15","6.59999990463257","13",""
"Formula 1","Meals,Dietary supplements,Meal replacements","346.153846153846","50","34.6153846153846","3.84615384615385","11.5384615384615"
"Dahl de lentilles et volaille tandoori","","103","10.16","8.53","3.22","3.22"
"Vanilla protein powder - Active stacks","","110","4","22","",""
"Brisket teriyaki donburi","","151.985559566787","22.4007217462312","6.1913356023575","4.40433206110655","1.299638954741"
"Sauce tomate provençale","Condiments,Sauces,Provençale sauces","47","6.3","1.6","1.1","2.5"
"gelule","","6","6","8","3",""
"Chipotle Glazed Chicken Thighs","","137.5","10","10.25","6.75","2"
"Moussaka","","117","6.59999990463257","6.40000009536743","6.80000019073486","1.79999995231628"
"L'esence","","6","12","5","12",""
"Fruit & Fibre","Plant-based foods and beverages,Plant-based foods,Breakfasts,Cereals and potatoes,Cereals and their products,Breakfast cereals,Cereals with fruits,Flakes,Cereal flakes,Extruded cereals,Cereal flakes with fruits","71.8625","16.8205","0.4783","0.13975","0.7365"
"Pizzoccheri","Plant-based foods and beverages,Plant-based foods,Cereals and potatoes,Cereals and their products,Pastas,it:Pizzoccheri","116","11","5.3","5.2",""
"Pain chocolat","","372","39","5.59999990463257","21","2.09999990463257"
"Teriyaki pineapple chicken meatballs","","140","6","13","5",""
"Broccoli sprouts","","1","1","3","","2"
"Butter chicken","","178.5","19.24","5.51","8.78","2.17"
"Filet de poulet lentille","","94","6.73999977111816","7.84999990463257","3.91000008583069","1.19000005722046"
"Wheypresso Protein Coffee","","395","6.6","74","7.1",""
"Fresh Carrots w/Light Ranch Dressing","","96.1538461538462","7.05128205128205","1.28205128205128","6.41025641025641","1.92307692307692"
"Cinnamon macadamia crunch","","642.857142857143","21.4285714285714","7.14285714285714","64.2857142857143","78.5714285714286"
"Chocolate Brownie Protein Balls","","311.666666666667","35","18.3333333333333","10","5"
"Risto piatti fusilli alla Sorrentina senza glutine","Meals","142","23.5","3.9","3.3","1.4"
"Saumon riz","","135","12.1000003814697","7.40000009536743","8.48999977111816","1.26999998092651"
"Nutrí ricas carb watch","","60","13","4","2.5","9"
"Curry de bœuf","","154","8.39999961853027","6.40000009536743","5.30000019073486","2.09999990463257"
"Pâte a tartiner","Breakfasts,Spreads,Sweet spreads,fr:Pâtes à tartiner,Hazelnut spreads","465","41","0","39.5",""
"Patatina gusto pesto ligure","","498","56","7.4","26","5.1"
"Chocolat noir sésame complet","Snacks,Sweet snacks,Cocoa and its products,Chocolates,Dark chocolates,Dark chocolate bar","591","31","10","45","11"
"Filet de poulet rôti","Meats and their products,Meats,Chicken and its products,Poultries,Chickens,Chicken breasts,fr:Filets de poulet rotis","141","0.6","22.3","5.5",""
"Protein Whey - Vanilla Ice Cream","","378","5.6","79","4.2",""
"Collagen peptides","","70","3.5","10","2","0.5"
"Pain au chocolat","","400","46.6666666666667","6.66666666666667","20","2.22222222222222"
"Pois Chiches Bio","Plant-based foods and beverages,Plant-based foods,Legumes and their products,Canned foods,Legumes,Seeds,Canned plant-based foods,Legume seeds,Pulses,Chickpeas,Canned legumes,Canned chickpeas","72","8.6","4.3","1.3","4.5"
"Haricots Rouges Bio","Plant-based foods and beverages,Plant-based foods,Legumes and their products,Legumes,Seeds,Legume seeds,Pulses,Common beans,Red beans","53","5.3","4.4","0.3","5.8"
"Haricots Noirs Bio","Plant-based foods and beverages,Plant-based foods,Legumes and their products,Legumes,Seeds,Legume seeds,Pulses,Common beans,Black beans","57","6.3","4.1","0.6","5.1"
"Lentilles Brunes Bio","Plant-based foods and beverages,Plant-based foods,Legumes and their products,Canned foods,Legumes,Meals,Seeds,Canned plant-based foods,Legume seeds,Pulses,Lentils,Canned legumes,Brown lentils,Canned lentils,Prepared lentils","54","6.8","4","0.3","4"
"Petits Pois Verts Bio","Plant-based foods and beverages,Plant-based foods,Fruits and vegetables based foods,Legumes and their products,Canned foods,Legumes,Vegetables based foods,Canned plant-based foods,Vegetables,Canned vegetables,Canned legumes,Green peas,Canned peas","72","10.5","4.8","0.3","4.1"
"Modtadelice aux olives","","198","4.5","10","15.8","20"
"Mortadelice piquante","","190","11","11.5","11.1",""
"Mortadelices a la provençale","Meats and their products,Prepared meats","184","6.7","10.7","13",""
"Bacon de dinde","Meats and their products,Meats,Poultries,Turkey and its products,Turkeys","176","1.4","22","9.5","3"
"Mortadelle olives 10 tranches","Meats and their products,Meats,Prepared meats,fr:Charcuteries cuites,Mortadella","198","4.5","10","15.8",""
"Poulet","Meats and their products,Meats,Chicken and its products,Poultries,Chickens","89","3.8","16.5","0.9",""
"Tranchés de dinde","Meats and their products,Meats,Prepared meats,Poultries,Turkey and its products,Turkeys,fr:Charcuteries cuites,Poultry hams,Cooked turkey breast slices","110","4","14","4.3",""
"Mousse de volaille","Meats and their products,Spreads,Prepared meats,Salted spreads,Savory mousses","248","2.7","10.6","21.6",""
"Saucisson sec","","375","3.20000004768372","28.3999996185303","27.6000003814697",""
"Chorizo","","457","3.20000004768372","18.2000007629395","41.2999992370605","3"
"Tranchettes soicy","","190","11","11.5","11.1",""
"Luxury toasted muesli ancient grains & super fruits","Plant-based foods and beverages,Plant-based foods,Breakfasts,Cereals and potatoes,Cereals and their products,Breakfast cereals","442","68.5","12.3000001907349","12.8000001907349","10.3000001907349"
"Saucisson sec au poivre les fines tranches","","380","1.6","23.6","31",""
"Salami de dinde","Meats and their products,Prepared meats,Cured sausages,Salami,Turkey salami","297","5.4","17.1","23",""
"Podwieczorek Biszkopt pełnoziarnisty z musem czekoladowym","","256","31.12","8.46","10.89",""
"Flan","","189","27","3.6","7.3",""
"Filet de poulet extra tendre thym citron","Meats and their products,Meats,Chicken and its products,Poultries,Chickens,Chicken breasts","108","1.6","22","1.6",""
"Olive Tapenade Hummus","","80","5","2","6","2"
"TRE’","","0","20","0","",""
"Tthjhhgt","","184","18","5.6","9.9","0"
"Wrap hoummous et falafel","","233","33","12","5",""
"Yogurt","","109","14","2.79999995231628","4.90000009536743",""
"Falafel","","243","26.6000003814697","13.1000003814697","9","4.5"
"Salade tomate","","18","2.2","0.9","0.2",""
"pur jus de pommes","Plant-based foods and beverages,Beverages,Plant-based beverages,Fruit-based beverages,Juices and nectars,Fruit juices,Unsweetened beverages,Apple juices,Squeezed-juices,Squeezed apple juices","44","11","0","0",""
"Fruta fresca cortada","","30","7.5","0.7","0.1",""
"Ensalada Granjera","","175","7.4","5.8","13.2",""
"Ensalada cesar","Meals,Prepared salads,Salads","107","6.8","9.4","4.4",""
"Ensalada espiral-york queso","","200","24.2","9","7.1",""
"Snack saludable Humus con Tostas","","215","17.7","5","12.4",""
"G-LABZ PROTEIN","","396","16.5","80","0.5","0.1"
"Mohalabia","","385","92","5","0","0"
"Keema de bœuf","","139","3.57500004768372","6.92500019073486","10.375","1.72500002384186"
"Cornetto","","324","8","30","20","15"
"Olio extravergine di oliva","","824","0","0","92","0"
"Saucisses de poulet saveur aux herbes","Meats and their products,Meat preparations,Meats,Prepared meats,Chicken and its products,Poultries,Sausages,Chicken preparations,Chickens,Poultry sausages,Chicken sausages","234","0.9","17","18",""
"Organic Beet Root Powder","Food","429","85.71","1.74","0.24","2.55"
"Gâteau énergétique","","385","77","6.4","5.4","3.9"
"boisson instantanée tea","Beverages,Hot beverages,Dried products,Instant beverages,Herbal tea beverages,Brewed infusions without sugar","350","","","",""
"Mamounette rôtie","","258","2.4","1.5","26","3.8"
"TARALLI FINOCCHIO supermercati coop Cascione","","398","66.6","10.13","10.1","2"
"Chicken kievs","Meats and their products,Meat preparations,Chicken and its products,Chicken preparations,Breaded products,Chicken kievs","253.75","7.8125","16.375","17.125","1.375"
"Pella Mushroom Coffee","Meats and their products,Prepared meats,Sausages","6","1","1","","1"
"Hercules Strong white bread flour","Plant-based foods and beverages,Plant-based foods,Cereals and potatoes,Cereals and their products,Flours,Cereal flours,Breads,Wheat flours,Bread flours,Wheat bread flour","340","68.6","9.61","1.5","6.8"
"LifeVantagw protein","","100","2","18","2",""
"Broccoli","Plant-based foods and beverages,Plant-based foods,Fruits and vegetables based foods,Vegetable-based foods and beverages,Vegetables based foods,Vegetables,Broccoli","34","6.5","3","0.4","2.9"
"Nuts&Berries","","480","41.3333320617676","9.00000015894572","30.6666660308838","5"
"Poulet  thaï","","156","17","6.59999990463257","4.80000019073486","4.19999980926514"
"Malitz Jambon fumé Beurre léger","","183","11.7","5.5","60.5",""
"Pams pancakes","","500","65","15","20","2.5"
"Œuf de cigogne en sachet","","480","73","3.3","19",""
"Lomo de bellota  ibérico 50% raza ibérica","","316","0.54","44.4","15.09",""
"Formule  1","","360","52","36","4","12"
"Formula 1- Wild Berry","","90","13","9","1","11"
"Daily Wellness - LifeVantage","","338.983050847458","84.7457627118644","","",""
"Papaya","Plant-based foods and beverages,Plant-based foods,Fruits and vegetables based foods,Fruits based foods,Fruits,Tropical fruits,Papayas","42.2","8.53","0.75","0.15","1.8"
"Axio (Lemonade)","Dietary supplements,Bodybuilding supplements,Groceries","300","60","","",""
"Axio","","300","60","","",""
"Bonbons de chocolat assortis","Snacks,Sweet snacks,Confectioneries","491","39.62","6.23","33.74","3.99"
"Pears General","Plant-based foods and beverages,Plant-based foods,Fruits and vegetables based foods,Fruits based foods,Fruits,Dietary supplements,Fresh fruits,Pears,Fresh pears","101","27","0.6","0.3","12"
"Pipa girasol tostada","","619","20.5","7.2","56.8",""
"Merguez de poulet","Meats and their products,Prepared meats,Sausages,fr:Merguez,Poultry merguez","266","2.7","14","22",""
"Healthy meal","","346.153846153846","50","34.6153846153846","1.15384619969588","3.0769231227728"
"Piña Colada","","360","","","",""
"Graines de soya grillées","","454.545454545455","31.8181818181818","40.9090909090909","20.4545454545455","9.09090909090909"
"Lasagna","","79.5652173913043","8.02173946214759","6.80434766023055","1.82608687359354","1.80434786755106"
"Niteworks","Dietary supplements","0","","","0",""
"Fromage en grains quebec","","361","0.5","22.6","27",""
"Tarte normande","Sweet pies,Pies,Norman-style pies","270","38","4","11",""
"Maca  Powder","","400","","","",""
"Plat cuisiné Coquillettes au jambon","","156","13","7.8","7.9","5"
"Polvo para preparar bebidas","Beverages and beverages preparations,Beverages,Canned foods,Beverage preparations,Dietary supplements,Instant beverages,Bodybuilding supplements,Protein powders","350","12.5","75","0.2","1.5"
"Porte","","10","10","45","5",""
"Blackberry","","43","4.9","","","5"
"Soupe carotte thym","","15.7399997711182","3.27999997138977","0.310000002384186","0.129999995231628","1.37000000476837"
"Phresh greens","","375","50","25","","25"
"Sauce Bourguignonne","","360","10","3.33333333333333","34.6666653951009","3.33333333333333"
"Multigrain Bread","","140","27","5","1.5","2"
"Vitamin d3+k2","","10","3","","",""
"Asiago bread","","140","20","6","4","1"
"Soupe miso épicée instantanée japonaise au tofu","Meals,Soups,Miso soup","329","47","17","6.4",""
"Muesli Fruits rouges","Plant-based foods and beverages,Plant-based foods,Breakfasts,Cereals and potatoes,Cereals and their products,Breakfast cereals,Cereals with fruits,Mueslis,Mueslis with fruits","438","61","10","15","9.5"
"Jambon sec 4 tranches monoprix","","250","0.9","32","13",""
"Makana assortment","","342.857142857143","48.5714285714286","2.85714285714286","17.1428571428571",""
"Honeycrisp Apple","Plant-based foods and beverages,Plant-based foods,Fruits and vegetables based foods,Fruits based foods,Fruits,Apples,Fresh fruits,Fresh apples","52.1978021978022","13.7362637362637","0.274725274725275","0.164835164835165","2.41758241758242"
"Abalone","","90","5","5","",""
"Pure protein complete","","390.243902439024","29.2682926829268","60.9756097560976","3.65853658536585","2.4390243902439"
"Mayonnaise 5 ingrédients","","693.333333333333","3.33333333333333","3.33333333333333","73.3333333333333","3.33333333333333"
"Salmone norvegese affumicato  bocconcini","","205","0.5","24","12","0.600000023841858"
"Galette des rois Frangipane","Snacks,Sweet snacks,Biscuits and cakes,Pastries,King-cakes,Twelfth-night-cake-with-almond-paste","468","44","6.7","29","2"
"Whey Protein Isolate","","360","","90","",""
"Céréales choco-noisettes","","427","64","9.89999961853027","12.6999998092651","8.19999980926514"
"Sugo salsa pomodori","","584","21.2999992370605","4","53.0999984741211",""
"Rejuvenate Cold Pressed Juice","","33.8266384778013","8.0338266384778","0.634249471458774","0.105708245243129","0.634249471458774"
"Sweet Envy","Plant-based foods and beverages,Plant-based foods,Fruits and vegetables based foods","35.940803382664","9.0909090909091","0.84566596194503","0","0"
"Oeufs","","530","42","4.9","41",""
"Asiago cheese bread","","140","20","6","4",""
"Chipolatas","","210","2.1","16.5","15.1",""
"Breakfast Chuckwagon","","275","21.09375","14.453125","15.234375","0.390625"
"Salmon from cookunity","","138.381201044386","8.09399477806789","11.2271540469974","7.04960835509138","5.22193211488251"
"Patagonian scallops","","88","1.5","16.5","1.70000004768372",""
"Butternut rôties","","67.1399993896484","11.9099998474121","0.800000011920929","1.20000004768372","1.74000000953674"
"Flank Steak","","160.714285714286","0","21.4285714285714","8.03571428571429",""
"Mousse chocolat douceur","","169","22.7","5.8","5.6",""
"Bouchon pdt","","174","24","2.40000009536743","6.90000009536743","2.90000009536743"
"Vietnamese Coffee","","75","10","10","","5"
"100% Whey Protein Deluxe","","209","11","30","4.80000019073486",""
"Vintage Bounty - Oatmeal Cream Pie","","110","3","20","3.5","1"
"Creamy katsu curry","","54","6.80000019073486","2","1.60000002384186","2.40000009536743"
"Riz de camargue long complet","Plant-based foods and beverages,Plant-based foods,Cereals and potatoes,Seeds,Cereals and their products,Cereal grains,Rices,Camargue rices","360","74.5","7.8","2.6",""
"Le fromage fouetté Madame Loïc Nature au sel de guérande","Dairies,Fermented foods,Fermented milk products,Cheeses,Desserts,Spreads,Dairy desserts,Salted spreads,Fermented dairy desserts,Fromages blancs - petit suisses and skyr,Petits suisses,Plain fermented dairy desserts,Plain Petit-Suisse,Cheese spreads","252","3","5.9","24","0"
"Frilandsæg","","136","1.20000004768372","12","9.19999980926514",""
"Velouté aux asperges","","31","4.5","0.800000011920929","1","0.5"
"Chocolate de algarroba sésamo","","480","43.8","4.3","35",""
"Couscous végétarien","","66.9","10.91","2.05","1.53","1.28"
"Whey Protein Iso Cold-Fil","","352.941176470588","2.94117647058824","88.2352941176471","",""
"Complete Greens","","311.111111111111","16.6666666666667","41.1111111111111","2.22222222222222","25.5555555555556"
"Beef Protein","","406.666666666667","6","90","2.66666666666667",""
"Natural Whey Protein Choclate","","379","12","72","4","3.4"
"Vegane Zaziki Creme","","99","5.4","1.7","7.6",""
"Jumbo  Prawns","","60","0.300000011920929","13.8000001907349","0.400000005960464","0.100000001490116"
"Strolghino di prosciutto","Meats and their products,Meats,Prepared meats","271.91","0.3","27.7","27",""
"Bio Rinforza Plus","","100","5","7","1",""
"Italian tomato puree","Plant-based foods and beverages,Plant-based foods,Fruits and vegetables based foods,Condiments,Vegetables based foods,Vegetables,Sauces,Tomatoes and their products,Tomato sauces,Tomatoes,Tomato purées","89","15.3","4.3","0.5","2.9"
"Bouillon de boeuf","","30","1","1","1","1"
"Leite em pó integral instantâneo Glória","Beverages and beverages preparations,Beverages,Dairies,Milks (liquid and powder),Dried products,Dried products to be rehydrated,Dehydrated beverages,Milk powders","507.407407407407","40.7407407407407","25.9259259259259","26.6666666666667","0"
"Cosmic Crisp Apple","Plant-based foods and beverages,Plant-based foods,Fruits and vegetables based foods,Fruits based foods,Fruits,Apples,Fresh fruits,Fresh apples","71.4285714285714","","0.142857142857143","0.357142857142857","4.28571428571429"
"Nutri lety","","0.6","10","60","","5"
"Aceto Balsamico","","332","78","0.200000002980232","",""
"Fitness Granola","","428","65","8.7","13.2","7.1"
"Chocolat","","418.1818","67.272725","5.4545455","14.5454544444444","7.272727"
"Dry Roasted & Unsalted Almonds","","607.142857142857","21.4285714285714","21.4285714285714","53.5714285714286","10.7142857142857"
"Bisto gravy powder","Condiments,Sauces","240","61.1","0.5","0.5","0.5"
"Beef Gelatin","","28","","6.8","",""
"Rehbraten","","85","6.7","9.6","2.1","0.3"
"Amendoa laminada - X Roots","","586.666666666667","24","16.6666666666667","52","1.33333333333333"
"VFC Crispy Chicken Fillet","","248.421052631579","20.316","11.5789473684211","13.684","2.42105263157895"
"Impossible meat Kefta","","193.406593406593","19.7802197802198","8.57142857142857","9.67032967032967","4.17582417582418"
"Preparato tipo pancake","","373.076923076923","13.4615384615385","69.2307692307692","4.23076923076923","1.92307692307692"
"Risotto céleri rave","","117","3.29999995231628","2.70000004768372","9.19999980926514","2.29999995231628"
"Soft Cheese","","202","3.3","4.3","19",""
"Tuna noodle cassarole","","123.529411764706","11.7647058823529","6.47058823529412","5.58823529411765","0.588235294117647"
"Turkey Tetrazzini","","470","42","21","24","2"
"Chicken and Mushroom Marsala","","117.647058823529","15.6862745098039","7.84313725490196","2.74509803921569","0.784313725490196"
"Tielles setoises","","297","34","7.5","14",""
"Protein hot chocolate","","80","5","15","0.5","1"
"Extra Thick Tzatziki","","182","3.2","5.8","16.1","0.5"
"Raw  Apple blueberry hazelnut","","345","42.5","5","9.75000023841858","23.4999990463257"
"Burst Jalea de Frutas","","66.6666666666667","","0","0","3.33333333333333"
"All Natural Fibet","","60","17","1","1","6"
"Sweet and sour chili shrimp bowl","","510","55","35","16",""
"Courge spaghetti au bleu","","97","9.1","2.9","6.1",""
"Saint genis","","391.4","61.5","5.8","13.4",""
"Ginger Nuts Biscuit","","457","71.3","5.8","16.5","2.3"
"Coca des flandres","","100","10","2","2",""
"Sriracha Mayo","","400","13.3333333333333","","40",""
"Harvest Thins","","416.66666666667","33.333333333333","45.833333333333","10.416666666667","0"
"Greens","","333.33333333333","55.555555555556","22.222222222222","0","33.333333333333"
"Roasted Chicken + Herb Flavour Collagen Bone Broth","Meals,Soups,Soup mixes","321.428571428571","14.2857142857143","57.1428571428571","7.14285714285714","0"
"Chocolate IsaPro Plant-Based Protein","Dietary supplements,Bodybuilding supplements,Protein powders","375","15.625","56.25","9.375","6.25"
"IsaLean Whole Blend plant-base strawberry shake","","407.40740740741","37.037037037037","44.444444444444","9.2592592592593","14.814814814815"
"Isalean wholeblend","","392.85714285714","32.142857142857","42.857142857143","10.714285714286",""
"Collagen Bone Broth","","321.42857142857","14.285714285714","65","0","0"
"Amped","","0","0","0","0","0"
"Isalean","","389.83050847458","37.28813559322","40.677966101695","10.169491525424","13.559322033898"
"IsaLean Whole Blend","","403.50877192982","38.59649122807","42.105263157895","10.526315789474","14.035087719298"
"Chocolate Indulgence IsaLean Whole Blend Whey-Based Bar","Snacks","377.049180327869","40.9836065573771","32.7868852459016","14.7540983606557","22.9508196721311"
"Protein meal replacement shake","","403.50877192982","36.842105263158","42.105263157895","10.526315789474","14.035087719298"
"Xango Reserve","Plant-based foods and beverages,Beverages,Plant-based beverages,Juices and nectars","43.3333333333333","10","0","0","0"
"Whey based shake","","410.71428571429","37.5","42.857142857143","10.714285714286","14.285714285714"
"IsaLean shake","","400","40","40","8.3333333333333","13.333333333333"
"IsaLean Shake","","400","40","40","8.3333333333333","13.333333333333"
"Chocolate mint IsaLean Shake","","406.77966101695","40.677966101695","40.677966101695","10.169491525424","13.559322033898"
"Substitue de repas","","393.44262295082","39.344262295082","39.344262295082","9.8360655737705","13.114754098361"
"Vanilla IsaPro","","434.78260869565","8.695652173913","78.260869565217","6.5217391304348","0"
"Isagenix Isalean pro shake","Dietary supplements,Bodybuilding supplements","411.76470588235","30.882352941176","52.941176470588","8.8235294117647","8.8235294117647"
"Whey Based Whole Blend Shake","","389.83050847458","37.28813559322","40.677966101695","5.0847457627119","13.559322033898"
"Isalean Whey-Based Shake","","403.50877192982","38.59649122807","42.105263157895","10.526315789474","14.035087719298"
"Isalean","","400","36.363636363636","43.636363636364","9.0909090909091","14.545454545455"
"Isalean","","392.85714285714","32.142857142857","42.857142857143","10.714285714286","14.285714285714"
"Peanut butter bites","","357.14285714286","46.428571428571","17.857142857143","16.071428571429","14.285714285714"
"Wheythins","","400","40","40","12",""
"Brochettes dinde","Meats and their products,Meats,Poultries,Turkey and its products,Turkeys","130","1","17","7.2",""
"Isalean shake","","400","40","40","8.3333333333333","13.333333333333"
"Isalean Bar","","384.61538461538","49.230769230769","27.692307692308","9.2307692307692","4.6153846153846"
"Barres isagenix","","384.61538461538","49.230769230769","27.692307692308","9.2307692307692","4.6153846153846"
"Fibre Snacks","","428.57142857143","54.285714285714","17.142857142857","17.142857142857","17.142857142857"
"Blanc de poulet","Meats and their products,Prepared meats,fr:Charcuteries cuites,Poultry hams,Cooked chicken breast slices","97","1.3","21","1",""
"Smart pépite choco","","421","52","5.8","28","9.2"
"Pan Molde Blanco","","239.53488372093","46.5116279069767","10.0000004435694","1.39534889265548",""
"Bonbons miel","","382","95.5","0.5","0.5",""
"Suedois saumon","","172","23.3","8.4","4.4","2.7"
"Pure Bovine Collagen - Promise","","360","","90","",""
"Vegan pasta","","94","14","4.09999990463257","2.09999990463257","2.09999990463257"
"Brownies","","468","45","5.9","28",""
"Tea","","250","50","","",""
"Elevate","","200","40","","",""
"2 @rexxggxcgc","","472","73","5.1","17","2.3"
"Isagenix Birthday Cake","","240","24","24","6","8"
"Protein Shake","","280","16","36","4","6"
"Lean Pro Shake Chocolate","","405.79710144928","30.434782608696","52.173913043478","8.695652173913","8.695652173913"
"Isagenics  vanilla protein powder","","230","22","24","6",""
"Whole blend whey Based","","230","22","24","2","8"
"Adaptogen Elixir - Isagenix","","31.9148936170213","","","",""
"Isalean Protein Bar","","250","27","15","12","5"
"Peach Mango Isalean","","413.79310344828","41.379310344828","41.379310344828","4.3103448275862","15.51724137931"
"Isalean creamy dutch chocolate","","400","41.6666666666667","40","10","15"
"Isalean shake vanille française","","414.31036","43.1034475","41.37931","8.62069","15.5172405"
"Plant Based Blueberrie Muffin Protein","","407.407407407407","33.3333333333333","44.4444444444444","11.1111111111111","18.5185185185185"
"Tri Release Protein","","372.340425531915","15.9574468085106","63.8297872340425","5.31914893617021",""
"Protein Crackers Baked Cheddar","","370.37037037037","37.037037037037","37.037037037037","14.8148148148148","18.5185185185185"
"Sainsburys Chicken Salad Sandwich","","166","21.2000007629395","11.5","3.40000009536743","2.09999990463257"
"Fiber snacks peanut chocolate chew","","150","19","6","6","6"
"Proteína Aislada Suero Leche Vainilla","","362.857142857143","4.28571428571429","85.7142857142857","1.14285715988704",""
"Shake fete isagenic","","240","25","24","6","8"
"Tiramisu","Dairies,Desserts,Dairy desserts","263","32","4.1","13","0.6"
"Roasted chicken breast chunks in a lemon flavour, garlic and herb marinade","","120","3","23.2","1.6","0.6"
"Galets chocolat lait","","532","58","6.8000001907349","30",""
"Blackberries more","","43","10","1","0.5","5"
"Lentil chips cheddar","","461","58","13","17",""
"Lightly dusted cod","","158.771929824561","11.1403507098817","14.4736842105263","6.14035087719298","0.701754396421867"
"Barra de proteínas","","366.666666666667","46.6666666666667","30","6.66666666666667","7.66666666666667"
"Poudre de cacao","Cocoa and its products,Cocoa and chocolate powders,Cocoa powders","350","11.6","25","10","35"
"Chokodomi Pâte à Tartiner Chocolat Noisettes Bio","Breakfasts,Spreads,Sweet spreads,fr:Pâtes à tartiner,Hazelnut spreads,Chocolate spreads","573.5","40.7","7.6","40.5","7.8"
"Chokodomi Pâte à Tartiner Chocolat Noisettes Bio","Breakfasts,Spreads,Sweet spreads,fr:Pâtes à tartiner,Hazelnut spreads,Chocolate spreads,Cocoa and hazelnuts spreads","573.5","40.7","7.6","40.5","7.8"
"Huile d'Olive Extra Vierge Bio","Plant-based foods and beverages,Plant-based foods,Fats,Vegetable fats,Olive tree products,Vegetable oils,Olive oils,Extra-virgin olive oils,Virgin olive oils","900","0","0","92","0"
"Baked Cheetos","","16","2.54","0.28","0.56","0.14"
"Ijs citroentaart meringue","","177","23","1.29999995231628","8.39999961853027",""
"citroenijs merengue","","177","24","4","6.5",""
"Turron de trufa","Snacks,Sweet snacks,Confectioneries,Festive foods,Christmas foods and drinks,Christmas sweets,Turrón","477.17","35.87","6.62","36.93",""
"La Casera","Beverages and beverages preparations,Beverages","0","0","0","0","0"
"Laranjê - Biscoitê","","510","63.3333333333333","4.33333333333333","26.6666666666667","2.33333333333333"
"Bananer Bama","Plant-based foods and beverages,Plant-based foods,Fruits and vegetables based foods,Fruits based foods,Fruits,Tropical fruits,Bananas","120","31","1","0","4"
"Sweet Chilimayo","","522","46","6.9","33",""
"Epler Golden Delicious","Plant-based foods and beverages,Plant-based foods,Fruits and vegetables based foods,Fruits based foods,Fruits,Apples,Fresh fruits,Sweet apples,Fresh apples,Golden Delicious apples","48.9","10.7","0.27","0.13","1.3"
"Pork and Veal meatballs gf","","183","6","15","11","0.5"
"Pork mince","","206","1","18","15",""
"Pork and beef mince","","221","","20.8","15.4",""
"Watermelon","Plant-based foods and beverages,Plant-based foods,Fruits and vegetables based foods,Fruits based foods,Fruits,Melons,Watermelons","30","7.5","0","0",""
"LEAN BEEF MIN","","170","1","20","10",""
"Solomillo al ajillo con panadera viena capellanes","","171","4.8","14.1","10.5",""
"Merluza a la sidra con patatas","","270","3.9","7.7","1.9",""
"Crispy Pumpkin Fritters","","221","23","6.7","11","4"
"Lime","Plant-based foods and beverages,Plant-based foods,Fruits and vegetables based foods,Fruits based foods,Fruits,Citrus,Limes","40.2","3.14","1.13","0.15","4.3"
"Miel du Queyras","Breakfasts,Spreads,Sweet spreads,Bee products,Farming products,Sweeteners,Honeys","181.818181818182","0","25.974025974026","9.09090909090909",""
"Organic Raw Pumpkin Seeds","Plant-based foods and beverages,Plant-based foods,Fruits and vegetables based foods,Vegetables based foods,Vegetables,Cucumbers","600","13.3333333333333","26.6666666666667","53.3333333333333","3.33333333333333"
"ZEHO Pea Protein Powder","","400","6.67","90","1.67","41.6666666666667"
"Green Beans","Plant-based foods and beverages,Plant-based foods,Fruits and vegetables based foods,Legumes and their products,Legumes,Vegetables based foods,Vegetables,Fresh foods,Fresh plant-based foods,Green beans,Fresh legumes,Fresh vegetables,Fresh green beans","36","8","2","0","2.85"
"Zucchini","Plant-based foods and beverages,Plant-based foods,Fruits and vegetables based foods,Vegetables based foods,Vegetables,Fresh foods,Fresh plant-based foods,Fresh vegetables,Zucchini,Fresh zucchini","16","3","1","0","1.05"
"Green Onions","Plant-based foods and beverages,Plant-based foods,Fruits and vegetables based foods,Condiments,Vegetables based foods,Culinary plants,Vegetables,Fresh foods,Fresh plant-based foods,Onions and their products,Fresh vegetables,Onions,Fresh onions,Scallions","32","7","2","0","3.19"
"Zaatar Salmon with Israeli Couscous","","223.506743737958","17.5337186897881","9.44123314065511","12.9094412331407",""
"Le Chocolat","","398","70.4","6.8","7.9","9.1"
"Red Onion","Plant-based foods and beverages,Plant-based foods,Fruits and vegetables based foods,Condiments,Vegetables based foods,Culinary plants,Fresh foods,Fresh plant-based foods,Onions and their products,Fresh vegetables,Onions,Red onions,Fresh onions,Fresh red onions","42","10","1","0","1.7"
"Whey","","376","8.39999961853027","80","1.79999995231628",""
"Rørosmorr Ring","","500","66.6666666666667","","16.6666666666667","33.3333333333333"
"Fish Sticks Panko Breaded","","190","23","11","6","2"
"Salame Filzetta Pernigorri","","278","0.44","26.6","18.7",""
"Pecan Kringle","","365.384615384615","23.0769230769231","3.84615384615385","28.8461538461538","1.92307692307692"
"Les fritures simples","","604","43.5","6.5","44",""
"Lentejas estofadas","","131","11.9","7.9","4.7",""
"Las cremas caseras","","54","6.5","1.3","2.3",""
"Salmorejo Cordobes","","81","5.3","0.89","6.1",""
"Crema calabacin-parmesano","","47","6.1","1.5","1.6",""
"Crema de verduras y pollo","Plant-based foods and beverages,Plant-based foods,Fruits and vegetables based foods,Meals,Soups,Vegetable soups,Cream soups,Cream of vegetable soups","57","5.1","2.7","2.6",""
"Chicken leg","","203","","17","15",""
"Gefilte Fish","","90","2","7","5","0"
"Frische  Hähnchenkeule","","132","","19","6.19999980926514",""
"Triple protein","Plant-based foods and beverages,Plant-based foods,Fruits and vegetables based foods,Fruits based foods,Fruits,Apples,Sweet apples,Gala apples","321.799307958478","6.9204152249135","69.2041522491349","2.07612456747405","1.3"
"Triple Protein Shake Vanillegeschmack","","335.793357933579","3.690036900369","73.8007380073801","2.95202956428387","0.738007391070967"
"Proteinpulver","","336","3.70000004768372","73.8000030517578","3","0.699999988079071"
"Epler Granny Smith","Plant-based foods and beverages,Plant-based foods,Fruits and vegetables based foods,Fruits based foods,Fruits,Apples,Fresh fruits,Acidic apples,Fresh apples,Granny Smith apples","201.960784313725","10.7843137254902","0.326797385620915","0","2.28758169934641"
"Chocolat Bellanger","","596","42.55","6.72","43.13","5.2"
"Gala Apple","Plant-based foods and beverages,Plant-based foods,Fruits and vegetables based foods,Fruits based foods,Fruits,Apples,Fresh fruits,Sweet apples,Fresh apples,Gala apples","48.9","10.7","0.27","0.13","1.3"
"Chicken and sweet potatoes","","240","26","25","4","5"
"Pastas de té","","497","51.3","5.4","29.4",""
"Œuf brouillés nature","","129","4.90000009536743","9.89999961853027","7.80000019073486",""
"Fleischkäsbrät fein zerkleinert, gepökelt, zum Backen","Meats and their products,Meals,Meat preparations,Meals with meat,Fleischkäse","276","0.3","12","25","0.9"
"Hibnobs avena","","479","62","9","21","4"
"Bizcochada","","341","59","6.6","4.3",""
"Saucisse au chou fumé BBC SV (Morteau)","","964","1","20","25",""
"Bonbons miel propolis-ravintsara","","396","97","0.5","0.5",""
"Super mushroom daily gummies","","400","100","","",""
"Impact Whey Isolate","","321.428571428571","7.14285714285714","71.4285714285714","",""
"Polenta champignon épinards","","197","32.7999992370605","7.80000019073486","3.5","1.60000002384186"
"Chorizo Bellota","","441","1.6000000238419","26.89999961853","36.299999237061",""
"Blueberries","","57","14","1","0",""
"Pan de agua","","245","51","7.7","1",""
"Cobb salad","","470","22","26","34","1"
"Cherries","","64","16","1","0",""
"Protein Mais Waffeln","","352","52","22","4.40000009536743","8.39999961853027"
"Barre protéine Herbalife","","139","16","10","4","0.400000005960464"
"Frozen Yogurt Strawberry","","128","21.6000003814697","4","2.59999990463257",""
"Whey","","372","24.7999992370605","69.5","0.800000011920929","2.90000009536743"
"Crêpes au Kamok","","298","58","3.4","5.7",""
"Crunchy super snack","","117","7","11","6","4"
"Xocolata de Garrofa","","480","43.8","4.3","35",""
"Paprika 2stk","Plant-based foods and beverages,Plant-based foods,Fruits and vegetables based foods,Vegetable-based foods and beverages,Vegetables based foods,Vegetables,Sweet peppers,Red bell peppers","26","4.2","0.8","0.2","0"
"Cocadas","Snacks,Sweet snacks,Confectioneries","300","30","10","10",""
"Tartare sauce","","399","18.2000007629395","1.79999995231628","35.2999992370605","0.5"
"Tree Ripened Nectarines","","44","10","1","0.3",""
"tree ripened papaya","Plant-based foods and beverages,Plant-based foods,Fruits and vegetables based foods,Fruits based foods,Fruits,Tropical fruits,Papayas","42.2","8.53","0.75","0.15","1.8"
"Collagen peptides","","99","3","22","0.310000002384186","2"
"LEICHT&CROSS","Plant-based foods and beverages,Plant-based foods,Snacks,Cereals and potatoes,Extruded crispbreads","367","69","9.9","3.5","10"
"Spirulina from France","Dietary supplements,Spirulina","390","14","67","7.09999990463257",""
"Poudre de Guarana","","323","77.1","14.4","0.7","24.7"
"Thé vert Matcha du Japon","Beverages and beverages preparations,Plant-based foods and beverages,Beverages,Hot beverages,Plant-based beverages,Teas,Green teas,Japanese green teas","333","40.2","19.4","2.4","36.9"
"BBQ - Hähnchenschenkel mit Rückenstückf","","196","0.5","17","14","0.5"
"Chlorelle premium","","342","8","55","10","0"
"White Flute","Plant-based foods and beverages,Plant-based foods,Cereals and potatoes,Breads,Baguettes","243.934659090909","44.664453125","10.4849644886364","1.43226207386364","6.73989701704545"
"Hähnchen Schenkel","","816","0","16.5","14.5","0"
"Panceta salada","","138","0.5","14.3","9",""
"Boisson nutritionnelle banana creme","Dietary supplements,Bodybuilding supplements","222","20","18","7","4"
"alimneto equilibrado Pomme epicee formula 1","Dietary supplements,Bodybuilding supplements","387","33","35","10","16"
"Formula 1 nutrional shake mix","Meals,Dietary supplements,Meal replacements","398","33","35","9.7","18"
"Boisson Nutritionnelle","Beverages and beverages preparations,Beverages,Meals,Dried products,Dried products to be rehydrated,Dietary supplements,Meal replacements,Bodybuilding supplements,Groceries,Supplement","398","33","35","9.7","18"
"Alimento equilibrado","Dietary supplements","398","33","35","9.7","18"
"Fórmula 1 Alimento Equilibrado","Dietary supplements,Bodybuilding supplements,Supplement,Groceries","398","33","35","9.7","18"
"boisson nutritionnelle Formula 1 Strawberry","Beverages and beverages preparations,Beverages,Meals,Dietary supplements,Meal replacements","350","27","39","8","16"
"Formula 1 Mirtillo","Dietary supplements,Bodybuilding supplements,Protein shakes,Alimenti-in-scatola-pasti-supplementi-dietetici","390","32","35","10","17"
"Prot Bar pure Choc","Snacks,Sweet snacks,Bars","369.642857142857","37.5","23.2142857142857","10.7142857142857","12.5"
"smelties","Baby foods","357","76","8","3","1.584"
"Berlingot","","396","97","0.5","0.5","0"
"Mini-Naan-Dippers","Plant-based foods and beverages,Plant-based foods,Cereals and potatoes,Breads,Flatbreads,Special breads,Naans","285","51","8.9","3.7","5.6"
"Olive all ascolana al tartufo","","225","17.2","15","10.7",""
"Riso S. Andrea","Plant-based foods and beverages,Plant-based foods,Cereals and potatoes,Seeds,Cereals and their products,Cereal grains,Rices","361","78","7.2","0.5","1.4"
"Anthony's Pumpkin Seed Protein Powder","Plant-based foods and beverages,Plant-based foods,Pumpkin and Squash plant products,Pumpkin seeds and their products,Dietary supplements,Bodybuilding supplements,Protein powders","400","13.3333333333333","60","10","6.66666666666667"
"Salade shaker taboulé","","114","5.7","3.9","8.1","1.7"
"Weizenmehl","Plant-based foods and beverages,Plant-based foods,Cereals and potatoes,Cereals and their products,Flours,Cereal flours,Wheat flours","338","69","11","1",""
"Moroccan chicken with pilaf rice","","91.9230769230769","11.2692304757925","7.07692293020395","1.65384622720572","1.76923073255099"
"Chuleta de contramuslo de pavo","","622","0","20","7",""
"Szechuan Pork Green Bean Stir-Fry","","210.382513661202","19.8907112163273","8.19672131147541","10.409835648667","1.09289617486339"
"Banana Chips Sweetened (Whole)","","536","64.29","3.57","28.57","3.6"
"Koftas in spiced tomato sauce","","96.4980544747082","25.6031140279213","22.2957195474944","5.40856016285225","3.89105058365759"
"Bayas de goji","","330","56","12","4.3","8"
"Canadian Crunchie Perch","","233.333333333333","24.6666666666667","12","10","0.666666666666667"
"Green Cabbage","Plant-based foods and beverages,Plant-based foods,Fruits and vegetables based foods,Vegetables based foods,Vegetables,Leaf vegetables","24","6","2","0",""
"Filled Rolled Wafers","","480","76","4","18","0"
"Isolate Protein - Dark Lab - Dark Lab","","147","8.5","26","1",""
"BAGUET BREAD THAT HITS FLUTE ALL THE RIGHT NOTE WA","Sandwiches","255","50.9","8.9","1.3","2.5"
"Sandwich jambon fraicheur","Plant-based foods and beverages,Plant-based foods,Cereals and potatoes,Sandwiches,Breads,Sandwiches filled with cold cuts,Ham sandwiches,French-bread-sandwiches,Ham and butter sandwiches,Baguette sandwiches with ham and butter","204","30","11.3","3.88","2.4"
"Poudre de protéines de chanvre","","395","20","50","12","15"
"Poudre de protéines d'amande","Dietary supplements,Bodybuilding supplements,Protein powders","387","8.44","51","12","15.4"
"Poudre de lait de coco","Plant-based foods and beverages,Beverages,Plant-based foods,Dairy substitutes,Milk substitutes,Plant-based beverages,Plant-based milk alternatives,Plant-based creams,Plant-based creams for cooking,Coconut milks and creams","690","11","17","63","4.8"
"Glace  boFrost","Desserts,Frozen foods,Frozen desserts,Ice creams and sorbets,Ice creams","301","33.7999992370605","4","16.2000007629395","1.79999995231628"
"Poudre de protéines d’avoine","","423","21","53","21","4.6"
"Moringa","Dietary supplements","382","56","21.6","8.1","25.3"
"Fresh Garlic: produce code: ?","Plant-based foods and beverages,Plant-based foods,Fruits and vegetables based foods,Condiments,Vegetables based foods,Culinary plants,Fresh foods,Fresh plant-based foods,Fresh vegetables,Garlic and their products,Garlic,Fresh garlic","111","18.6","5.31","0.25","5.8"
"100% Soja Protein Haselnuss","Dietary supplements,Bodybuilding supplements,Protein powders","362.9","1.1","88.5","0.5",""
"Latte di capra","Dairies,Milks,Goat milks","45","4.4","3.2","1.6","0"
"Sweet soy chicken with rice","","95.0943396226415","11.2830187239737","8.94339651431678","1.13207547169811","1.69811320754717"
"Poudre de lucuma","","330","85","1.4","2.4","2.3"
"Éclats de cacao cru","","630","1.3","12.4","51.5","28"
"Mousse praliné","","351","24","3.79999995231628","22","1.39999997615814"
"Rotisserie Chicken","","162.285714285714","0.628571428571429","17.0857142857143","10.1142857142857","0.285714285714286"
"Vegan Protein Shake","","378.048780487805","29.2682926829268","48.780487804878","7.31707317073171",""
"Italian Fusilli","Plant-based foods and beverages,Plant-based foods,Pastas","357","72","12","1.5","3"
"Tisane bio Maman bébé","","1","0","0.1","0","0"
"Slow Cooked Turkey Joint with bacon and sruffing","Meats and their products,Meats,Poultries,Turkey and its products,Turkeys,Turkey breasts","158","0.5","25.1","6.3","0.5"
"Chocolate protein powder","","424.242424242424","9.09090909090909","72.7272727272727","12.1212121212121","9.09090909090909"
"Organic Cacao Powder","","320","40","20","20","40"
"Yellow Bell Pepper","Plant-based foods and beverages,Plant-based foods,Fruits and vegetables based foods,Vegetables based foods,Fresh foods,Vegetables,Fresh plant-based foods,Fresh vegetables,Sweet peppers,Fresh sweet peppers","27","4.4","0.8","0.5","1"
"Rooibos de Noel","Plant-based foods and beverages,Beverages,Hot beverages,Plant-based beverages,Herbal teas,Rooibos","1","0","0.1","0","0"
"Decoupe de poulet façon chorizo","","208","1.6","19","14",""
"Whey Protein aus Molke Vanilla","Dietary supplements,Bodybuilding supplements,Protein powders","389","8.8","78.05","4.6","0.1"
"Bircher Müsli Beere","","382","57","13","9.3",""
"BircherMüsli Nuss","","403","52","13","14",""
"Organic Mega Mushrooms Powder","","47.0588235294118","12.3529411764706","0.588235294117647","","1.17647058823529"
"piadina romagnola alla riminese all'olio extra vergine di oliva","Plant-based foods and beverages,Plant-based foods,Cereals and potatoes,Breads,Flatbreads,Piadina","304.273504273504","52.2222222222222","7.09401709401709","7.00854700854701","1.88034188034188"
"Oven Baking Potato","Plant-based foods and beverages,Plant-based foods,Cereals and potatoes,Potatoes,Fresh-potatoes","93","21","2.5","0",""
"Fiambre Perna Extra","","95","0.9","16","3",""
"Fiambre De Peru","","84","2.3","17","0.8",""
"Burger di verdure","","170","21","6.30000019073486","5.5","5.5"
"Jambon sans couenne, sans nitrite, Bio","","116.666666666667","1.66666666666667","21.0000006357829","3.33333333333333",""
"Tortilla stack","","117.808219178082","16.8493157652415","5.43378978015081","2.46575346820431","3.33333342042688"
"Kålrot stykk","Plant-based foods and beverages,Plant-based foods,Fruits and vegetables based foods,Vegetables based foods,Vegetables,Turnip,Rutabaga","33.85","5.7","1.17","0.13","2.6"
"SDW Tradution complet thon","","245.3","25.48","10.96","10.61",""
"Épinards à la crème","","53","3.5","2","3","2"
"Melon medley","Plant-based foods and beverages,Plant-based foods,Fruits and vegetables based foods,Fruits based foods,Fruits","29","5.9","0.5","0.2","1"
"Plante","","195","12","0.14","10","0.2"
"Rooibos épicé","","1","0","0.1","0","0"
"Organic Pure C8 MCT oil","","866.666666666667","","","93.3333333333333",""
"Menthe digestive","Beverages and beverages preparations,Beverage preparations,Herbal teas,fr:tisane-bio","0","0","0","0",""
"Fromage blanc à la creme de marron","Dairies,Desserts,Dairy desserts","150","18.6","5.1","5.9","0.6"
"Albóndigas guisadas","","180","7.7","10.4","11.7",""
"Bratwurst Thüringer","","280","68","8","10","24"
"Mini bagels","Plant-based foods and beverages,Plant-based foods,Cereals and potatoes,Breads","279","58.14","9.3","2.33","2.3"
"Sweet Potato","Plant-based foods and beverages,Plant-based foods,Fruits and vegetables based foods,Vegetable-based foods and beverages,Cereals and potatoes,Vegetables based foods,Fresh foods,Vegetables,Fresh plant-based foods,Fresh vegetables,Root vegetables,Sweet potatoes","86","18.3","1.57","0.05","3"
"Sweet Potato","","86","20","2","0",""
"Proti Diet peanut bar","","527.777777777778","30.5555555555556","27.7777777777778","36.1111111111111","5.55555555555556"
"Mayonnaise delicata","","39","0.600000023841858","0.100000001490116","3.90000009536743",""
"Cream Style Corn","","88","18.4","1.6","0.8","0.8"
"Mushroom Coffee","","250","16.6666666666667","0","16.6666666666667","16.6666666666667"
"Nocciolino","","431","74.4","5.9","11.7",""
"victoria","","91.778206","14.5","4.8","1","2.3"
"Dattero rossi con noci","","929","54","13","1.7999999523163",""
"Lemon Sliced Crème Cake","","333.333333333333","42.2222222222222","4.44444444444444","15.5555555555556",""
"M&m’s peanut butter","","150","16","3","8",""
"Magdalenas mini clasicas","Snacks,Sweet snacks,Biscuits and cakes,Cakes,Madeleines","394","54","5.5","17",""
"Bizcocho choco chips","","412","53","6.4","19",""
"Organics blueberries","","70","19","","1","4"
"Pulled Texas BBQ Lamb","","91.4728682170543","7.48061985932579","9.30232558139535","2.32558139534884","1.58914724985758"
"Meat lovers pasta bake","","103.333333333333","9.00000015894572","8.41666698455811","3.37500015894572","1.33333335320155"
"Mini cordon bleu di pollo","","215","14","15","11",""
"blueberry muffins","Plant-based foods and beverages,Plant-based foods,Breakfasts,Cereals and potatoes,Breads,Dietary supplements,Special breads,Bodybuilding supplements,English muffins,Protein powders","150","27","6","2","4"
"Bush’s Brown Sugar Hickory Baked Beans","Plant-based foods and beverages,Plant-based foods,Condiments,Culinary plants,Aromatic plants,Fresh foods,Fresh plant-based foods,Herbs,Parsley,Fresh aromatic plants,Fresh parsley","20","3","2","0.5","7"
"pearl milling company maple pancake on the go","Plant-based foods and beverages,Plant-based foods,Snacks,Meals,Nuts and their products,Nuts,Protien-powder","367","70","10","7.5","1.67"
"Harvest cheddar","","210","28","3","9","4"
"Garden Salsa","Snacks,Salty snacks,Appetizers,Biscuits and crackers,Chips and fries,Crisps,Crackers (Appetizers)","90","18","5","1","6"
"Muscle Milk Vanilla Creme","Beverages and beverages preparations,Plant-based foods and beverages,Beverages,Plant-based foods,Cereals and potatoes,Breads,Protein,Shakes","385","31.43","45.71","11.43","8.57"
"MM Cookies 'n Cream Protein Powder","Dietary supplements,Bodybuilding supplements,Protein powders,Shake","100","7","20","1","4"
"Kovilpatti Sweets","","375.5","91.55","0.57","0.78","0.184"
"Smart Food White cheddar","Beans","10000","900","200","600","100"
"Hot Dog Buns","Protien-powder","120","23","4","2","1"
"Marias","Beverages and beverages preparations,Plant-based foods and beverages,Beverages,Plant-based foods,Snacks,Cereals and potatoes,Breads,Dietary supplements,Bodybuilding supplements,Protein powders,Electrolytes","100","26","3","7","1"
"Whole Grains Health Nut Bread","","120","19","5","2.5","6.98"
"Doritos Cool Ranch","","535.714285714286","64.2857142857143","7.14285714285714","25",""
"Mapo tofu sås","","250","8.10000038146973","4.5","21",""
"Whole 3.7% Fat Milk","","66","4.7","3.5","3.7",""
"Pounti tranche","","194","20","7.6","8.6","0"
"Strawberries","","31.25","7.63888888888889","0.694444444444444","","2.08333333333333"
"Électrolytes","Dietary supplements","0","0","0","0","0"
"Master Whey Protein Datteln - One Dream","","383","4.8","79","6.7","1"
"Courge musquée","","430","3.1","27","34","2"
"Organic tomato pulp","Plant-based foods and beverages,Plant-based foods,Fruits and vegetables based foods,Vegetables based foods,Tomatoes and their products,Tomato pulps","32","4.8","1.4","0.1","2.2"
"Nutella biscuits","","515","64","7.9","24.8",""
"organic tomato pasre","","72","10","2.9","0.2",""
"Milch and nuss riegel","","586","48.2","7.6","39.9",""
"Kinderini","","494","66.8","5.9","22.1",""
"ORGANIC TOMATO SAUCE ARRABIATA","Condiments,Sauces,Pasta sauces,Tomato sauces,Arrabbiata sauces,Groceries","66","4.5","1.6","4.2",""
"Tomato sauce with eggplants","Dairies,Fermented foods,Fermented milk products,Cheeses,Condiments,Sauces,French cheeses,Tomato sauces,Abondance,Groceries","56","4.2","1.4","3.2",""
"Steaks hachés 100% pure boeuf","","235","","15","19",""
"Sauce Tomate Puttanesca Bio Kazidomi","Condiments,Sauces,Tomato sauces,Puttanesca sauces,Tomate-sauces,Groceries,fr:puttanesca,fr:sauce-italienne","75","4.3","1.5","5.2","1.7"
"Sauce Tomate Aux Courgettes Bio Kazidomi","Condiments,Sauces,Tomato sauces,Groceries","56","4.2","1.5","3.2","2"
"Sauce Tomate Au Thon & Olives Bio Kazidomi","Condiments,Sauces,Meal sauces,Tomato sauces,Tomato sauces with olives,Groceries","64","4.1","2.5","3.7","2"
"Organic tomato sauce bolognese","Condiments,Meats and their products,Sauces,Meat-based sauces,Pasta sauces,Meat-based pasta sauces,Bolognese sauces,Groceries","106","3.4","4.2","8",""
"Whey Protein aus Molke 1000 Gramm Vanilla","Dietary supplements,Bodybuilding supplements,Protein powders","389","8.8","78.05","4.6","0.1"
"Sauce tomate aux légumes bio","Condiments,Sauces,Meal sauces,Tomato sauces,Vegetable sauces,Groceries","62","4.2","1.4","3.9","2"
"Isaleanshake","","400","40","40","10","13"
"IsaLean Bar","","385","46","28","12",""
"Isadelight","","526","44","8.8","35",""
"Isalean","","400","40","40","10","13"
"Isa Lean Shake","","407","41","41","10",""
"Isalean shake","","403","35","0.98","13",""
"IsaLean","","400","45","28","12",""
"IsaLean Bar","","400","45","28","12",""
"IsaDelight","","526","53","8.8","31",""
"IsaPro","","435","8.69999980926514","78","6.5",""
"Isagenix","","400","40","40","10","13"
"IsaLean Shake","","407","41","41","10",""
"IsaLean Shake","","407","41","41","10",""
"Riso","","349","78.1","6.9","0.8",""
"Isalean shake","","407","41","41","10","14"
"Greens","","333.29998779297","55.5","22.200000762939","0",""
"Whole blend","","364","20.5","33","14","20.5"
"Collagen Elixir","Dietary supplements","100","10","10","",""
"Isalean Protein Bar","","250","27","15","12","5"
"Passata de tomates bio","Plant-based foods and beverages,Plant-based foods,Fruits and vegetables based foods,Condiments,Vegetables based foods,Sauces,Tomatoes and their products,Tomato sauces,Tomato purées,Strained tomatoes,Groceries","31","4.8","1.6","0.2","1.6"
"Amped hydrate","","350","90","0","0",""
"Organic pesto alla genovese","Condiments,Sauces,Pestos,Groceries","655","11.8","5.9","64.5",""
"Grr","","3","5","5","5","5"
"Organic vegan pesto","Condiments,Sauces,Pestos,Groceries","657","12.2","5.8","64.6",""
"Snacks Isagenix","","90","12","6","2",""
"Organic pesto with Tofu","","642","12.2","6.3","62.7",""
"pesto","Condiments,Sauces,Pestos,Green pestos,Groceries","561","11.7","8.2","53.2","1.3"
"Crème D'Olives Noires Bio Kazidomi","Plant-based foods and beverages,Plant-based foods,Spreads,Plant-based spreads,Salted spreads,Olive tree products,Tapenades,Black tapenades","388","0.6","1.2","41.7","2.9"
"Crème d'artichaut","Spreads,Salted spreads,Artichoke spreads","268","1.8","1.9","27.4","3.5"
"Organic walnut cream","","700","12.8","9.8","67.1",""
"Pesto Rosso","Condiments,Sauces,Pestos,Red pestos,Groceries","451","17.9","5.2","38.8",""
"Sztuka miesa z masarskiego straganu","","165","0.9","21","1.8",""
"Pan de leche redondo","Snacks,Sweet snacks,Sweet pastries and pies,Viennoiseries,Milk bread rolls","231","42.3","10.7","2.1",""
"Organic tomato sauce arrabiata","Condiments,Sauces,Pasta sauces,Tomato sauces,Arrabbiata sauces,Groceries","66","4.6","1.5","4.2",""
"Lomo adobado","","117","0.8","20","3.6",""
"Lucozade duel-fuel energy gel 45g 123cal","","273.333333333333","66.6666666666667","","",""
"Oatmeal And Chocolate Chip Cookie","","480","62","6","22","2"
"Salade verte","","16","1","1.3","0.3",""
"Tisane bio Eucalyptus respirr","","1","0","0.1","0","0"
"Baguette constance","Plant-based foods and beverages,Plant-based foods,Cereals and potatoes,Breads,Baguettes","283","56.7","9.8","1.2",""
"Sałatka kurczak w panko","","160","13.3","6.1","9","0.8"
"Egg salad sandwich","","392","41","21","16","5"
"L’authentique pain paillasse cereales","Plant-based foods and beverages,Plant-based foods,Cereals and potatoes,Breads","250.19999694824","48.5","8.5","2.0999999046326",""
"Beignets fourres au chocolat","Snacks,Sweet snacks,Biscuits and cakes,Cakes,Doughnuts,Doughnuts filled with chocolate,Sweet fritters,fr:beignets-au-chocolat","394","48","6.7","19",""
"Mini beignets assortis","Snacks,Sweet snacks,Sweet fritters","441","45","7.9","25",""
"Empanada Atún","Meals,Pizzas pies and quiches,Salted pies,es:Empanada de atún","270","28.3","7.4","13.5",""
"Sandwich pomme chèvre miel - Les Délices de Louison - Les Délices de Louison","","289","29","8.5","15",""
"Viena Capellanes","","381","77.4","4.7","5.7","0"
"cuisse de poulet direct au four curry","Meats and their products,Meats,Chicken and its products,Poultries,Chickens,Chicken thighs","197","3","17","13",""
"Schnitzel","","163","14","9.89999961853027","6.69999980926514","3.20000004768372"
"Vasito queso frambuesa","","263","18.10000038147","2.2999999523163","20.200000762939",""
"Nussmischung 4fach","Plant-based foods and beverages,Plant-based foods,Nuts and their products,Nuts,Shelled nuts","656","9.6","18.1","58.9","7.9"
"Focaccia bianca con rosmarino","","250","45.5","2.3","5.4","4"
"French Bread","","253.731343283582","52.2388059701493","8.95522388059701","0","4.47761194029851"
"Les Navettes Fleur D'oranger","","453","68","7","17","3.1"
"Queso Monterrey Jack","","616.666666666667","0","40","50",""
"Chocolate de algarroba","","480","43.8","4.3","35",""
"Bagel","Plant-based foods and beverages,Plant-based foods,Cereals and potatoes,Breads,Special breads,Bagel breads","197","28.7","8.4","5",""
"Le pavé du larizac","","269","52.6","9","1.8",""
"Früchtemischung Bonbon","Snacks,Sweet snacks,Confectioneries,Candies","397","98.3","0","0",""
"Whey Protein aus Molke 500 Gramm Vanilla","Dietary supplements,Bodybuilding supplements,Protein powders","389","8.8","78.05","4.6","0.1"
"Sandwich solene céréales sicilien","","213","30","8.1","6.2","3.1"
"Pain aux 2 lins","","264","40.5","10","5.6",""
"Crunchy Peanut Butter","","620","10","26.6666666666667","50.6666666666667","9.33333333333333"
"Grano e quinoa","","145","24.6","5.8","1.7","4.2"
"Bowl printanier au poulet, asperges et feta","","175","11.6999998092651","9.89999961853027","9.30000019073486","2.29999995231628"
"Choco Donut","","466","47","6","27.4",""
"Jus de pomme","Plant-based foods and beverages,Beverages,Plant-based beverages,Fruit-based beverages,Juices and nectars,Fruit juices,Unsweetened beverages,Apple juices","43","10","0.5","0.5",""
"Black Angus Sirloin Steak","","125","0","22","4.1",""
"Brioché poulet caesar","","191","24.4","8.9","5.1",""
"Vitobest diet meal complete","","202","23","18","4.5","1"
"Tartines légères 3 céréales","","368","74","9.7","2.4","6"
"Home style macaroni cheese","","114.0589569161","15.2834470580224","6.80272108843537","2.63038557402942","0.702947824179721"
"Original","","90","5","14","2","4"
"Zarte Filets vom Hering","","219","4.2","11.1","17.1",""
"Ville krem pendir180 qe","","895","","","100",""
"Mayonnaise","","5","1","1","16",""
"BAguette bressan","Plant-based foods and beverages,Plant-based foods,Cereals and potatoes,Breads,Baguettes","160","25.2","9.5","2.2","1.6"
"Baguette Niçois","","194","27.7","9.6","5.6",""
"Mile High burrito","","496","65","17","22","4.65999984741211"
"Roasted Sunflower Seeds","","600","23.3333333333333","20","50","10"
"Marmellata di arance rosse","","206","50","0.5","0.2","1.2"
"Pain de mie sans gluten","Plant-based foods and beverages,Plant-based foods,Cereals and potatoes,Specific products,Products for specific diets,Breads,Products without gluten,Gluten-free breads,Sliced breads,Gluten-free sliced breads","279","48.2","4.4","6.3","5.8"
"Marmellata do mandarini gruppo Fai","","215","52","0.69999998807907","0.20000000298023",""
"Marmellata di limoni","","219","54","0.3","0",""
"100% Pure Raw & Unfiltered Honey","Breakfasts,Spreads,Sweet spreads,Bee products,Farming products,Sweeteners,Honeys","333.333333333333","85.7142857142857","","",""
"Flocon d'avoine - complète","Plant-based foods and beverages,Plant-based foods,Breakfasts,Cereals and potatoes,Cereals and their products,Breakfast cereals,Flakes,Cereal flakes,Rolled flakes,Rolled oats","371","60","12","7.1",""
"Eismann Paella","Meats and their products,Meals,Meals with meat,Rice dishes,Paella","396.6","40.2","14.4","15.4","19.8"
"Curry Potato & Vegetable Soup","","51.8358531317495","8.207343412527","1.07991360691145","1.72786177105832","1.07991360691145"
"Filet mignon de porc fumé sous vide","","141","0.7","24.2","4.6",""
"Løk","","311.823515050551","30","10","17.5882350697237","1.82352935566622"
"Tourte Vigneronne Pur Beurre","","248","19.8","11.7","13.6",""
"Salade de pâtes au pesto maison","","153.75","12.125","6.05000019073486","8.82499980926514","1.04999995231628"
"CAP’N CRUNCH","Plant-based foods and beverages,Plant-based foods,Breakfasts,Cereals and potatoes,Cereals and their products,Breakfast cereals","394.73684210526","86.842105263158","5.2631578947368","3.9473684210526","2.6315789473684"
"Cucumber","","11","2","0.7","0","0.5"
"Pavé de saumon fumé à la ficelle","Seafood,Fishes and their products,Fishes,Fatty fishes,Salmons,Smoked fishes,Smoked salmons,Salmon steaks,fr:paves-de-saumon-fume","253","0.5","23","17",""
"Nutrional shake","Beverages","398","33","35","6.6","18"
"Frites  au four","","172","24.3999996185303","2.40000009536743","6.59999990463257","2.5"
"Planet Doughnut 4 pack","","374.3","53","3.8","20",""
"Entremets 3 chocolats x2","","358","30","4.3","24",""
"Dukan barre extra gourmande","","343.333333333333","36.6666666666667","23.6666663487752","10.9999998410543","18.0000003178914"
"Greek style chicken pita wrap","","143.695014662757","12.9032258064516","11.1436950146628","5.57184750733138","3.51906158357771"
"Rød Grapefrukt","","100.934579439252","13.2943928798782","4.99999991087156","2.40654210063899","3.29439261249293"
"Vegetable Noodles","","453.125","62.5","10.9375","18.75","4.6875"
"Vanilla Almond Milk","Dairies,Milks (liquid and powder),Milks","80","14","1","2.5","1"
"Donuts","Snacks,Sweet snacks,Biscuits and cakes,Cakes,Doughnuts","378","50","4.6","17",""
"Falafel & halloumi hot wrap","","236","22.3","8.5","12.2","2.1"
"Recettes du boucher","","179","3.4","14","11","5.4"
"Poulet satay","","203.142857142857","4.42857142857143","21.5142865862165","11.4571424211775","0.028571428997176"
"Triple Protein Shake","Dietary supplements,Bodybuilding supplements,Protein powders","338.4","3.7","73.8","3","0.7"
"Triple Protein Shake","","322","6.90000009536743","69","2.09999990463257","2.40000009536743"
"Baguettes céréales","Plant-based foods and beverages,Plant-based foods,Cereals and potatoes,Breads,Baguettes","269","47.9","9.4","3","5.5"
"Pavé de saumon fumé à la ficelle","Seafood,Fishes and their products,Fishes,Fatty fishes,Salmons,Smoked fishes,Smoked salmons,fr:saumons-fumes-a-la-ficelle","253","0.5","23","17",""
"Sweetened sunflower seeds","Plant-based foods and beverages,Plant-based foods,Seeds,Sunflower seeds and their products,Sunflower seeds,Chacheer-brand,Coated-seeds,Sunflower-seed-preserved-tangerine-peel-with-sugars-and-sweeteners,Sweet-seed-snack","565","3.5","29","46",""
"Banana 5 pack","Plant-based foods and beverages,Plant-based foods,Fruits and vegetables based foods,Fruits based foods,Fruits,Tropical fruits,Bananas","90.5","19.7","1.06","0.25","2.7"
"Mango Sinduri","Plant-based foods and beverages,Plant-based foods,Fruits and vegetables based foods,Fruits based foods,Fruits,Tropical fruits,Mangoes","73.9","14.3","0.63","0.25","1.6"
"L'autre con","","229","","","",""
"Saint Hubert 41","Plant-based foods and beverages,Plant-based foods,Fats,Spreads,Plant-based spreads,Spreadable fats,Vegetable fats,Margarines","370","5.59999990463257","1.5","38",""
"Nuez y agave","","364","76","10","1","2.7"
"Proteine al cappuccino","","351","10","69","2","6.59999990463257"
"Salami Bites","","443","5","27","35",""
"Melon medley","","27","5.5","0.5","0.5","0.800000011920929"
"Garlic Crispy Chicken Fillet","","196","12.3","15.8","9.3",""
"Teigwaren","Snacks,Sweet snacks,Cocoa and its products,Chocolates","351","69","14","1.5","2.9"
"oeuf de goeland chocolat vrac","Snacks,Sweet snacks","595","34","5.9","47",""
"Stamford Street Co. Hot & Spicy Cooked Chicken Breast Slices","","288","8.4","54.6","3.9","0.7"
"Cooked sliced chicken breast","","118","0.5","24.7","2","0.5"
"Ginseng tea","Beverages","250","100","","",""
"Szynka Z Bobrownik","","151","0.800000011920929","27","4.30000019073486",""
"Coktail de fruits secs","","451","44.6","14","21.2",""
"Donuts fourrage vanille","Snacks,Sweet snacks,Biscuits and cakes,Cakes,Doughnuts","341","43","4.3","17",""
"La alpujarra","","279.89","62.1","5.9","0.9","10.4"
"Fit-food Harina de avena salada","Plant-based foods and beverages,Plant-based foods,Cereals and potatoes,Cereals and their products,Flours,Cereal flours,Oat flours","344","58.6","9.7","5.03",""
"Huile d’olive spray","","13.5","0","0","1.19",""
"Eau de coco","","20","5","0","0","0"
"Donuts coco noisette","Snacks,Sweet snacks,Biscuits and cakes,Cakes,Doughnuts","435","48","5.8","24",""
"Pain Constance aux céréales","","134","47.9","9.4","3",""
"Cookunity hangar lime steak","","550","14","41","37","10"
"Le lin","","294","48","11","5.4",""
"Beignets framboises","Snacks,Sweet snacks,Sweet fritters","304","","5.8","","0"
"Cranberry Blend","","50","12.0833333333333","0","0","0"
"Penne trigo sarraceno","Plant-based foods and beverages,Plant-based foods,Pastas,Penne","347","67","11","2.9","4.5"
"Mediterranean. Style orzo","","200","28","7","7","3"
"Poulet à l’estragon","","240.571428571429","0.714285714285714","26.2857142857143","14.6285716465541",""
"Coquillettes maïs et riz","Plant-based foods and beverages,Plant-based foods,Pastas,fr:Coquillettes","353","77","7.1","1.4","2.1"
"Honey walnut shrimp","","177.5","17","8","9.25","1.75"
"Apple turnover - A&w","","247.058823529412","37.6470588235294","2.35294117647059","9.41176470588235","1.17647058823529"
"Migni beignets assortis","Snacks,Sweet snacks,Sweet fritters","441","45","7.9000000953674","25",""
"Hackbraten","","187","4.5","7.3","15",""
"L'Envoûtante (Pain)","Plant-based foods and beverages,Plant-based foods,Cereals and potatoes,Breads,Baguettes","284","54.4","10.1","2.1",""
"Pane alla segale","","237","43","1","2.7",""
"Huesos de albaricique","","628","19.89999961853","18","51.299999237061",""
"Slurpers","","62","16","0","0",""
"Nidos vegetalws","","366","74","12","15","4"
"Roast beef and swiss","","194.805194805195","15.5844155844156","16.2337662337662","7.14285714285714","0.649350649350649"
"Breakfast Smoothie","","355","33.3333333333333","40","6.16666666666667","5.83333333333333"
"Bœuf haché 15%","","215","","20","15",""
"St Hubert oméga 3 sans sel","","468","","","52",""
"Choc o' biscuit","","502.222222222222","11.1111111111111","33.3333333333333","33.3333333333333","15.7777777777778"
"Açai","Dietary supplements","534","8.5","8.6","44.5",""
"Griechischer Salat","","139","3.70000004768372","3.29999995231628","12",""
"pate de piment","Plant-based foods and beverages,Plant-based foods,Condiments,Spices,Chili peppers,Groceries","100.505","1.71","0.454","10.109","0.465"
"The noir parfumé","Plant-based foods and beverages,Beverages,Hot beverages,Plant-based beverages,Teas,Herbal teas","1","0.2","0.1","0",""
"Chicken Florentine with Rosemary Mashed Potatoes","","155.339805825243","8.98058252427185","13.5922330097087","7.03883495145631",""
"Mango and watermelon","","42","8.60000038146973","0.600000023841858","0.5","0.800000011920929"
"Tourte saumon poireaux","","283","29","7.9","15",""
"4 Muffins fourrés chocolat noisettes","","464","52.8","5.7","25.2",""
"Saumon argenté, du Pacifique","","128","0.4","23.0399993896484","4","0.4"
"Chlorella (de pared celular rota)","","402","5.22","59.1","13.4",""
"St Hubert Oméga 3","","468","","","52",""
"St Hubert  doux","","47","","","5.19999980926514",""
"Mcmaster’s hawg sauce, spicy","","162.162162162162","37.8378378378378","","",""
"Pesto rosso","","106.75","13.6000003814697","3.42499995231628","3.67499995231628","2.40000009536743"
"Boisson Citron","","4","0.9","0","0",""
"Organic Sweet Baby Brocolli","","32.7102803738318","5.60747663551402","2.80373831775701","0","0.934579439252336"
"Baguettine aux olives","","298","52","8.3","5.3",""
"2 p’tit croquants","","486","70","7.30000019073486","19",""
"porridge","Plant-based foods and beverages,Plant-based foods,Breakfasts,Cereals and potatoes,Cereals and their products,Breakfast cereals,Porridge","371","57","11","10","8.9"
"Milton's Galletas Saladas Multigrano 4 pzas de 238 g","Snacks,Sweet snacks,Biscuits and cakes,Biscuits and crackers,Biscuits,Crispy biscuits","444.4","62.5","6.3","18.8","6.3"
"Freeze Dried To Go Sausage Scramble","Meals","482.758620689655","31.0344827586207","31.0344827586207","27.5862068965517","3.44827586206897"
"Amandelpasta","","595","9.10000038146973","21.2000007629395","49.9000015258789","3.79999995231628"
"Biozyme whey protein","","365.454545454545","7.51515151515151","75.7575757575758","3.51515151515151",""
"Pineapple Chunks","","45.3333333333333","10","0.400000015894572","0.333333333333333","1.19999996821086"
"Balsamic Vinegar","","200","40","0","0","0"
"Spirulina 125GR Eco Salud Viva","Dietary supplements,Spirulina","378","9.1","63.5","8.2",""
"Pdt rissolées","","158","25","2.09999990463257","5","2.29999995231628"
"Pomme grenaille","","124","16.7000007629395","2.09999990463257","4.59999990463257","2.20000004768372"
"Buchette Bout Biseaux","","285","57.5","9.8","1",""
"Amandes grillées sans sel","Plant-based foods and beverages,Plant-based foods,Nuts and their products,Nuts,Almonds,Shelled nuts,Shelled almonds,Roasted almonds,Unsalted almonds,Almonds (roasted and unsalted)","645","5.3","23","57",""
"Arachide","","599","26.6000003814697","21.5","45","6.69999980926514"
"Pão australiano","","326","61","2.5","7.19999980926514","3.59999990463257"
"Fricassée de volaille chasseur","","129.25","13.9750003814697","6","5.07499980926514","1.42499995231628"
"Melasse","","300","80","1","0","0"
"Façon planteur","","44","11","0.5","0.5","0.5"
"Granola choco Boost","","386","45.9","3.7","16.7","8.1"
"Nut Butter Bar","","460","54","14","22","6"
"Azúcar de coco","","379","93.099998474121","1.6000000238419","0",""
"Kalamata Olives","","300","6.66666666666667","0.666666676600774","30",""
"100% végétal","","470","","","51.9999980926514",""
"Beurre doux","","400","","","50",""
"St Hubert  oméga 3","","45","","","5",""
"Jamón de Bellota","","373","1","31.3","27.5",""
"Sopa Ave Con Fideos","","1382","59.7","13.1","3.3",""
"St Hubert  Demi sel sans huile de palme","","450","","","50",""
"Demi sel","","450","","","50",""
"Muffin double chocolat","Snacks,Sweet snacks,Biscuits and cakes,Cakes,Muffins,Chocolate cakes,Chocolate muffins","390","46.2","5.8","24.3",""
"Änglamark Bananklase Økologisk","","746","85.8000030517578","41","23.7999992370605","9.89999961853027"
"Pain complet","Plant-based foods and beverages,Plant-based foods,Cereals and potatoes,Breads,Wholemeal breads","257","46.4","10.5","1.3","8.2"
"Pain complet","Plant-based foods and beverages,Plant-based foods,Cereals and potatoes,Breads,Wholemeal breads","257","46.4","10.5","1.3","8.2"
"Saint Hubert","Plant-based foods and beverages,Plant-based foods","4700","","","51.9999980926514",""
"Beurre oméga 3 demi-sel","","192.000007629395","","","51.9999980926514",""
"St Hubert oméga 3","","470","","","51.9999980926514",""
"Oméga 3","","468","1","1","52",""
"Equate daily fiber","","272.727272727273","100","","","100"
"Pane per maxi sandwich","","100","19","3.4","1",""
"Brummell & Brown spread","","45","","","5",""
"Avocado Oil Plant Based Butter","","60","","","6",""
"Salade de fruit exotique","","55","11.5","0.600000023841858","0.400000005960464","1.5"
"Légume granola","","149","17","5.90000009536743","5.69999980926514","4"
"Arachidi Tostati salati","","612","13","25","49","1"
"Poêlée de légumes anciens","","98","10.8999996185303","1.5","4.90000009536743","2.20000004768372"
"Fishcurd","","182.222222222222","14.4444444444444","6.88888888888889","10.6666666666667","3.11111111111111"
"Cacao en polvo","","353","19.52","27.8","11",""
"Chicken Fingers","","180","19","13","5","1"
"St Hubert bio","","504","","12","56",""
"Butter","","428.571428571429","","","42.8571428571429",""
"Pain de campagne bio nature","Plant-based foods and beverages,Plant-based foods,Cereals and potatoes,Breads,Pains de campagne","250","51","7.4","1.2",""
"Trippa al sugo","","77","3.5","10","2.3",""
"Badami de poulet","","115.428571428571","2.08571434020996","10.0857140677316","7.14285714285714","0.657142843518938"
"Body lab whey protein","","410","8.3","77","7.6",""
"Designer Whey Protein Vanilla","Dietary supplements,Bodybuilding supplements,Protein powders","377","7.1","78","4.7",""
"Soupe aux pois","","68.0851","11.4894","4.2553","0.6383",""
"Soupe aux lentilles","","21.2766","3.4043","2.1277","0.0851",""
"Muffins","","140","21","3","5",""
"Spirales date apple","","300","55","5","7.5",""
"Relish","","100","20","0.66666666666667","0",""
"Collagen","Dietary supplements","359","0.1","90","0.1",""
"Riccoriso","","355","76","8.2","1.5","2.2"
"Full cream strawberry milkshake","","92","12","3.29999995231628","4","0.5"
"Beignes à l'ancienne","","300","52.5","7.5","7.5","0"
"Truffes Fantaisie Biologiques","Snacks,Sweet snacks,Cocoa and its products,Confectioneries,Chocolate candies,Bonbons,Chocolate truffles","639","35","4.2","53",""
"Camu Camu 50GR Bio - Salud Viva","","333","81.2","1.55","0.13",""
"Peanut Butter Filled Pretzel Nuggets No Salt","","483.87096774194","54.838709677419","19.354838709677","22.58064516129",""
"Peanut Butter Filled Pretzel Nuggets","Snacks,Salty snacks,Appetizers,Biscuits and crackers,Crackers (Appetizers),Pretzel,Peanut-filled","483.870967741935","54.8","16.1","22.6","3.23"
"Cœur fraise","","219","32","3.1","8.4",""
"Rougeole de  volaille","","103.611111111111","4.3611110581292","6.1388889948527","6.08333322736952","2.1944444709354"
"Olio di Avocado","","828","0","0","92",""
"Knorr cream of chicken soup","","10","1.6","0.2","0.279999995231628","0.359999990463257"
"Passata tradizionale di pomodoro","","28","4.3","1.6","0.1","1.5"
"Lait","","47","4.80000019073486","3.29999995231628","1.60000002384186","0.5"
"St hubert bio sans huile de palme","","504","31","12","56","6"
"St Hubert omega 3 bio","","500","","","55.9999990463257",""
"mzédita","","100","4","8","12",""
"Lecha Asada","","150.625","22.0624995231628","5.24999976158142","4.56250011920929","0.625"
"Hierba de cebada","","253","3.4","29","5.04","39"
"Trufas","","443","29.77","4.71","32.21",""
"Trufas 400 gramos","","421.89","44.02","11.87","20.65",""
"Épeautre","","344","60","16","2.40000009536743","11"
"Torti au saumon fumé","","214","12","4.2","16",""
"Caramelo liquido","","339","84","0","0",""
"Caldo de pollo","","5","1.3","0.5","0.5","0.5"
"Houmous oignons caramélisés","Plant-based foods and beverages,Plant-based foods,Condiments,Fats,Spreads,Plant-based spreads,Salted spreads,Sauces,Dips,Hummus,Groceries","233.333333333333","16.6666666666667","6.66666666666667","16.6666666666667","3.33333333333333"
"Test","","35","5","0","1",""
"Spark","","214.285714285714","57.1428571428571","","",""
"Hierba de trigo","Condiments,Sauces,Mustards,Groceries","259","20.7","13","2.1","52.5"
"Beurre oméga 3","Plant-based foods and beverages,Plant-based foods,Fats,Spreads,Plant-based spreads,Spreadable fats,Vegetable fats,Margarines","468","","","52",""
"Sain Hubert oméga 3","","468","","","52",""
"Eau","","0","0","0","0","0"
"Beurre","","470","","","51.9999980926514",""
"St Hubert oméga 3 demi sel","","468","","","52",""
"CORNED BEEF","Canned foods,Meats and their products,Meals,Meats,Meals with meat,Beef dishes,Canned meats,Corned beef","235","1","24","15",""
"Saint Hubert","","468","","","52",""
"St Hubert omega 3 sans sel","","468","","","52",""
"Chicken Rice Bowl","","132.768361581921","20.3389830508475","7.6271186440678","2.54237288135593","0.564971751412429"
"Mozzarella","","299","0.9","22","23","0"
"Nocciola","it:bevanda-di-nocciola","29","3.2","0.4","1.6","0.3"
"Tranche épaisse extra poulet","","107","0.5","22","1.89999997615814",""
"Jambon de dinde","","121","0.5","20","4.30000019073486",""
"Maíz Morado","","411","71","17","6",""
"Sale Marino Grosso Iodato","it:sale-marino-grosso-iodato","0","0","0","0",""
"Escalope de dinde","","108","0","24","1.3",""
"Garofalo Gluten Free Pasta","Plant-based foods and beverages,Plant-based foods,Pastas,Dry pastas","356","78","7","1.6","0.9"
"Chia Seeds","Plant-based foods and beverages,Plant-based foods,Cereals and potatoes,Seeds,Cereals and their products,Cereal grains,Chia","431","","21","30","38"
"Organic basil seed","","433","50","16.67","20","50"
"Tiramisu","","258","34.7","5.2","8.9","2.8"
"Oreillettes","Beverages,Snacks,Sweet snacks,Biscuits and cakes,Sweet fritters","425","65","6.7","15","4.20176"
"Gold Standard 100% Whey","","401.315789473684","9.86842105263158","78.9473684210526","4.93421052631579",""
"Wholemeal Heyford","Plant-based foods and beverages,Plant-based foods,Cereals and potatoes,Breads,Wholemeal breads,Bread-whole,Whear-product","232","35.7","11","2.9","9.4"
"Chicken and Mayonnaise","","254","19.6","10.7","14.5","1.5"
"Aru sandwich","","425","51.9","24.7","13.5",""
"Luxury wrap duck with hoisin sauce","","175.909090909091","20.2272727272727","7.31818181818182","4.81818181818182",""
"Semillas de cáñamo enteras","","619","4.68","30.78","51.53",""
"Pain epeautre","Plant-based foods and beverages,Plant-based foods,Cereals and potatoes,Breads,fr:pain-a-l-epeautre","256","47.7","11.1","1.6",""
"Nut Alsace","","575","41.7","11.1","39.4",""
"Oeufs au beurre salé cacahouette GYATT skibidi toilet","","56","7.8","1.5","1.8","1.3"
"FIX","Beverages,Alcoholic beverages,Beers,Greek-beers","38","","","0",""
"Caldo de cocido","","6","1.5","0.5","0.5","0.5"
"Beef stroganoff","","94.2528735632184","11.7931032728875","6.89655172413793","1.83908045977012","1.40229882865117"
"Filet de saumon sauce suchet et riz pilaf","","156.455696202532","18.7341772151899","6.55696202531646","5.67088607594937","1.49367088607595"
"Grass fed collagen peptides","Dietary supplements,Bodybuilding supplements,Protein powders","70","","18","0",""
"Multi collagen protein 100%","","360","0","90","0",""
"Semillas de cáñamo peladas","Plant-based foods and beverages,Plant-based foods,Cereals and potatoes,Cereals and their products","578","5.7","25.4","47.7",""
"Ricette venere","","384","80","9","2.2","3.9"
"Canadian Fiber","","30.3","1.9","1.46","1.86","0.92"
"Fibra Canadiense McBerry","es:fibra","432.857142857143","27.1428571428571","20.8571428571429","26.5714285714286","13.1428571428571"
"Proteina de cáñamo","","347","8.1","48.3","8.2",""
"Mediterranean style vegetables","","46","5.19999980926514","1.29999995231628","1.89999997615814","1.5"
"Saumon fumé sauvage","Seafood,Fishes and their products,Fishes,Fatty fishes,Salmons,Smoked fishes,Smoked salmons","123","","24","2.59999990463257","1"
"Formaggio misto","","305","1","22.5","23","1"
"Les boudoirs magiques","Snacks,Sweet snacks,Biscuits and cakes,Biscuits,Dry biscuits,Sponge fingers biscuit","459","78","6.6","13","1.4"
"Multivitamin","Dietary supplements,Vitamins","0","0","0","0","0"
"Bonbon cola","","230","96","0","0","0"
"Camembert d'Isigny Sainte Mère","Dairies,Fermented foods,Fermented milk products,Cheeses,Soft cheeses,Soft cheeses with bloomy rind","284","0.5","21","22","0"
"Rice Krispies","","160","25","2","",""
"Organic Gentle Infant Formula Milk-based Powder With Iron","","66.6666666666667","6.8","1.53333333333333","3.73333333333333",""
"Fette biscottate","","1","3.4","1","40","13"
"Moongdal","","320","51.7","23.47","1.37",""
"Sandra's Himbeer-Konfi","","200","50","0.8","0.5","2.5"
"Haché de poulet","","137","4.69999980926514","19","4.69999980926514","2.29999995231628"
"Hamburguesa Gallina Ecologica","","190","19","8.4","9.1",""
"Ketchup","","0","","","",""
"Apple Cider","Beverages and beverages preparations,Plant-based foods and beverages,Beverages,Plant-based beverages,Fruit-based beverages,Juices and nectars,Fruit juices,Unsweetened beverages,Apple juices","45.83333","11.66667","0.41667","0","0"
"Chicken in mushroom and leek sauce","","82.5","6.0277779897054","8.50000010596381","2.13888883590698","2.41666661368476"
"Truita esparrecs i alls tendres","","125","2","7.59999990463257","9.5","0.5"
"Knacki","","110","26","2","0",""
"Proteinworks","","381","5.6","84","2.3","1.1"
"Cheesy veg lasagna","","98.4615384615385","12.3999997652494","5.84615384615385","2.40000005868765","1.7230768937331"
"Steamed Chicken with Ginger & Shallot","","109.180327868852","11.5409838567015","7.27868877473425","3.34426223254595","1.67213111627297"
"Spoonlight","","359","5.8","75","2.7",""
"Beef and peanut fried rice","","119.310344827586","12.7241384571996","7.9655173729206","3.48275875223094","2.41379310344828"
"Brioche suisse","","364","46.7999992370605","7.80000019073486","15.5",""
"Koekjes Zacht","Snacks,Sweet snacks,Biscuits and cakes,Biscuits and crackers,Biscuits","447","73","5.2","14","1.8"
"Beignet moelleux a la pomme","Snacks,Sweet snacks,Sweet fritters","299","44","5.6","11",""
"Poulet curry vert","","135.714285714286","1.45714282989502","12.485714503697","8.71428571428571","0.114285715988704"
"Buttermilk Protein Waffles","","314.285714285714","31.4285714285714","17.1428571428571","12.8571428571429","1.42857142857143"
"Cordon scamark B","","229","16","13","12",""
"Cordon scamark B","","229","16","13","12",""
"Pepites scamark B","","249","19","13","13",""
"Fiesta blend cheese","","382","5.2","23","29.9",""
"Potage diététiques","","29","3.90000009536743","2.40000009536743","2.40000009536743","1.39999997615814"
"Organic Wheatgrass Powder","Powder","312.5","62.5","25","","37.5"
"Pepites scamark C","","255","21","13","13",""
"Kojac Noodles","","63","2.59999990463257","0.800000011920929","4.69999980926514",""
"Cordon scamark c","","235","18","13","12",""
"Sonnenblumenhack","Meat alternatives,Meat analogues,Vegetarian grounds","323","11.9","53.8","2.2","20.1"
"Dark Choccolate","","400","60","4","32",""
"Sour Fruit Gummies","Snacks,Sweet snacks,Confectioneries,Candies","325","75","5","0","0"
"Jelly Fish","Snacks,Sweet snacks,Confectioneries,Candies","140","34","0","0","0"
"Mixed fruit gummies","Snacks,Sweet snacks,Confectioneries","300","70","7.5","0","0"
"Bonbons Angry Birds Vert","Snacks,Sweet snacks,Confectioneries,Candies","120","15","3","0",""
"Skippy wafer bar","Snacks,Sweet snacks,Bars","555.555555555556","41.6666666666667","16.6666666666667","33.3333333333333","5.55555555555556"
"Peanut Butter Wafer Bars, Banana","","555.555555555556","41.6666666666667","16.6666666666667","33.3333333333333","5.55555555555556"
"Peanut butter chocolate mini wafer bars","Desserts,Shelf stable desserts","555.555555555556","44.4444444444444","16.6666666666667","33.3333333333333","5.55555555555556"
"Chèvre gratiné sur galette maison et mousseline de butternut","","166.753246753247","8.7012987012987","5.06493506493506","11.5064933083274","4.28571428571429"
"4 beignets à la pomme","Snacks,Sweet snacks,Sweet fritters,fr:beignets-fourres,fr:beignets-a-la-pomme","310","49","6.6","9.6",""
"Almond nut-thins","","433.333333333333","80","10","8.33333333333333","3.33333333333333"
"Têtes brûlées","","53","12.3","0.5","0.8",""
"Black Pepper Chicken Brest","","96","0","20.5","1.6",""
"ORGANIC HEMP PROTEIN","","321","5","50","6","21"
"Épices à pain d'épices","Plant-based foods and beverages,Plant-based foods,Condiments,Spices,Spice Mix,Groceries","346","65","4.3","4.7",""
"Osella LINEA protein","Dairies,Fermented foods,Fermented milk products,Cheeses,Formaggio,Formaggio-fresco,Primo-sale","238","3.2","15","18",""
"Rocas de Asís","","616.54","27.45","8.3","51.02",""
"Risino Shiralife","","38","0.6","0.1","0",""
"Spaghetti shiralife","","109.9","0.6","0.1","0",""
"Spaghetti shiralife","","27.3","0.6","0.1","0",""
"Mix fluor","","345","13","48","6.6",""
"Milk Life","","60.4","4.9","2.1","3.6",""
"Ricotta di bufala campana dop","Dairies,Fermented foods,Fermented milk products,Cheeses,Italian cheeses,Ricotta,it:Ricotta di Bufala Campana","158","3.64","8.77","12",""
"Chocolife","","569","19","11","48",""
"Nocciolife Cream","","633","15","5.7","56",""
"Tisana","","4","1","1","1",""
"Cornetti","","343","7.25","21.33","24.99",""
"Biscotti artigianali","","403","10.35","26.91","27.72",""
"Rigatolife","","85","0.8","15.2","1.8",""
"Biscotti al cacao amaro","","381","7.95","26.87","26.39","8.09"
"Riccioli di crusca","Meals,Pasta dishes,Stuffed pastas","320","46","14","3.1","26"
"Fette Biscottate di farro a lievitazione naturale","","422","74.82","11.63","8.95",""
"Amatriciana","Condiments,Sauces,Tomato sauces,Groceries,it:sugo-alla-amatriciana","241","3.8","4.5","23",""
"Biscogoj","","310","41.8","4.2","14.1","2.5"
"Batticuori","","473","74","3.2","17",""
"Paté Funghi Porcini","","164","4.1","3","15",""
"Olive nere pate'","","269","1.4","13.7","23.2",""
"Cracker di Farro","","412","58.8","13.2","12.4",""
"Snackdièt","","461","70","8.3","16","1.8"
"Coccole nocciola","","597","16","12","52","13"
"Bomboloni","","260","9.07","25.66","14.02",""
"Bomboloni","","403","12.27","24.49","28.89",""
"Cuori di carciofo","","177","76","8.6","11","6.5"
"BISCOFETTE","","333","50","6","15",""
"Pancake diet pro","","366","47","32","4.8","8"
"Snack dietpro","","426","39","24","17.2999992370605","9.39999961853027"
"Riso cotto","","116","25.2999992370605","2.40000009536743","0.5","0.200000002980232"
"Tagliatelle","","288","9.64","34.12","3.96","30.31"
"Tonnarelli","","289","9.64","34.12","3.96","30.31"
"Bruschette - tasso ridotto carboidrati","","282","8.03","28.72","16.05","38.67"
"Fette Biscottate","","390","6.82","40.1","16.2",""
"Biscotti Gusto Agrumi","","430","12.8","40.1","22.7","15.8"
"Biscotti gusto cocco","","430","12.8","40.1","22.7",""
"Muffin","","382","14.5","36.21","22.7","36.2"
"Mini cake","","387","15.4","40.15","24.7","0.93"
"Mini Cake gusto arancia","","387","15.4","40.15","24.7",""
"Nuvole Gusto Cacao","","442","20.8","33.48","25.29","13.4"
"Nuvole gusto arancia","","442","20.8","33.48","25.29",""
"Fructolife","","401","100","0","0","0"
"Biscotti Artigianali Zenzero e Limone","","410","8.01","26.02","28.75","3.88"
"Bastoncini rustici","","366.99","9.76","34.06","17.03","15.96"
"Cornetti","","343","7.25","21.33","24.99","6.1"
"Biscotti cocco gocce cioccolat","","388","12.47","26.77","25.2","18.69"
"Biscotti a tasso ridotto di carboidrati","","581","7.95","26.87","26.3","8.09"
"Crostini gusto olive","","165.55555555556","4.5166666666667","16.011111111111","8.9166666666667","21.511111111111"
"Crackers Classici","","180.64","9.65","18.56","5.37","18.66"
"Crackers rosmarino tasso ridotto carboidrati","","180.64","9.6","18.6","5.4","10.7"
"Cornetti Cioccolato","","352","7.8","21.74","25.01","6.15"
"Piadina","","210","5.6","29","7.6","11.2"
"Crostatine crema di nocciole","","435","13.02","26.2","28.3","6.9"
"Pasta di cacao nero assoluto 100%","Snacks,Sweet snacks,Cocoa and its products,Chocolates,Dark chocolates","623","12.5","14","54",""
"Cioccolato extra fondente","","463","17.1","6.1","37.8",""
"Cioccolato extrafondente 70%","","473","27.3","5.1","35.9",""
"Ciocolato bianco","","509","52.7","5.8","38.3",""
"Cioccolato fondente e peperoncino","","477","46","5.1","36",""
"Cioccolato","","495","1","6","38.8",""
"Cioccolato bianco nocciolato","","524","48","1","40.9",""
"Il Pangrattato","","390","6.82","40.1","16.2","28.33"
"La spalmabile","","473","40","13","35","3.4"
"Crostini","","298","8.26","28.95","15.59","38.7"
"Linguine Pastasecca","it:pasta-di-frumento","328.14","7.76","45.78","5.3","32.68"
"Crackers al ginocchio a tasso ridotto di carboidrati","","180.64","9.65","18.56","5.37","10.66"
"Crackers curcuma e pepe nero basso carboidrati","","180.64","9.6","18.6","5.4","10.7"
"Croissant con base di cioccolato","","499","18.8","18.01","40.04","7.05"
"Sugo alla Carbonara","","230","2.4","10","20",""
"Barretta proteica cocco gocce cioccolato","","317","32.09","35.47","6.04","12.15"
"La spalmabile al gusto di miele","","170","58","0","0","14"
"Panini tondi scuri","","216","0.8","24","7.9",""
"Preparato per il budino","","400","2.9","66.35","11.37","10.53"
"milk life","","60.4","4.9","2.1","3.6","0.4"
"Cioccolato bianco","","509","52.7","5.8","38.3",""
"Cioccolato fondente mirtillo e ibisco 54%","Snacks,Sweet snacks,Cocoa and its products,Chocolates,Dark chocolates","457","48.6","5","32.4",""
"Mezze maniche","","288","9.64","34.12","3.96","30.31"
"La spalmabile al cocco e mandorla","","473","33","8.48","33","25"
"La spalmabile fondente","","686.9","28","26","36","3.1"
"La spalmabile al pistacchio","Breakfasts,Spreads,Sweet spreads","477","32","24","33","0"
"Biscotti artigianali","","403","10.35","26.91","27.728","7.42"
"Uovo fondente senza zucchero con granella di nocciola","","656","22.4","10.6","56.5","35.3"
"Fagottini ripieni crema di nocciole","","362","8.3","21.72","25.4","6.15"
"Sfogliatine cioccolato e pera","","241","3.8","21.55","26.3","6.29"
"Mix flour","","329.16","18.73","42.71","4.8","24.1"
"Mix flour","","97","6.62","15.53","1.42","9.09"
"Croissant","","440","20.08","22.06","30.71","4.9"
"Focaccia low carb","","278","9.55","27.9","15.07","6.5"
"Pinza proteica artigianale","","268","9.3","28.03","14.02","6.2"
"Pizza cuore gusto classico","","230","4.3","16","9.4","32"
"Proteine alla vaniglia","","329","4.90000009536743","75.2799987792969","0.00999999977648258","4.09999990463257"
"Pains aux raisi","","296","40","6.7","12","2.1"
"Chicken Caesar Salad","","160.194174757282","5.8252427184466","11.6504854368932","11.6504854368932","0.970873786407767"
"Succo di mela","","52","9.6","0.1","0","0"
"Genius","","291","39.7","6","10",""
"HUESOS DE ALBARICOQUE","","628","5.4","18","51.3","7.1"
"Beurre de cacahuètes Crunchy","","674","24.4799995422363","19.4200000762939","56.3699989318848","12.8900003433228"
"Honey Rings","","108.5","21.7999992370605","1.5","0.709999978542328","1.39999997615814"
"Whey Native Isolate","","372","3.76999998092651","90","0.469999998807907",""
"Guarkernmehl","","191","1","4","0.5","83.75"
"Ashwagandha  Root Powder","","250","50","","",""
"Pomme de terre persillées","","96","18.1","2.6","0.3","2.5"
"Baguette CONSTANCE CEREALES","","269","47.9","9.4","3",""
"Pizza","","195","24","11","5.59999990463257","1.89999997615814"
"Beef korma","","83.4883720930233","8.74418569165607","7.72093040998592","1.34883725365927","2.39534888156625"
"Beef Korma","","91","9.69999980926514","7.69999980926514","1.39999997615814","2.20000004768372"
"Poulet sauce grand veneur et pomme de terre","","116.363636363636","9.65909090909091","5.06818164478649","6.15909099578857","1.38636361468922"
"Switch","","88","8","15","1.5","1.70000004768372"
"Sandwich complet thon","Sandwiches,Fish sandwiches,Tuna sandwiches","208","21.38","1.3","9.23","2.06"
"Cacahuete en polvo desgrasado","","387","20.2","48.3","9.8","12.5"
"Raiz de Suma","","263","28.47","6.81","3",""
"Apple Strawberry Apple sauce","","66.6666666666667","16.6666666666667","","","2.22222222222222"
"Gourmet Blueberry Muffin","","355.932203389831","33.8983050847458","6.77966101694915","20.3389830508475",""
"Régal aux olives","","198","4.5","10","15.8000001907349",""
"Nibs de cacao","Cocoa and its products,Cocoa beans","604","18.2","13","50.3",""
"Cheese chunks","","415","11","17","32",""
"Malt flour toasted","","413","74","16","6","7"
"Sgombro grigliato","","453","0","12","45",""
"Sauce de poisson ","Condiments,Sauces,Groceries","56","7","7","0",""
"Confiture de fraise","Plant-based foods and beverages,Plant-based foods,Breakfasts,Spreads,Plant-based spreads,Sweet spreads,Fruit and vegetable preserves,Jams,Berry jams,Strawberry jams","241","59","0.4","0.1","1.2"
"Poulet cajun","","185","1.10000002384186","31.1000003814697","6.09999990463257","0.300000011920929"
"Mixed Peppers","Plant-based foods and beverages,Plant-based foods,Condiments,Spices,Peppers,Groceries,Mixed-peppers","19","2.5","0.8","0.5",""
"Nutella","","533","57.5","6.3","30.9",""
"Tuna","","90","","16","2",""
"Pizza Margherita","","234","32","9.7","6.5",""
"Electrolytes","","14.2857142857143","","","",""
"Bone broth","","360","","90","",""
"Lasagne bolognese","","142","11","6.8","7.6","1.2"
"Chiclosos","","403.25","80.65","0","8.065",""
"Goat milk lollipops count","","357.14285714286","92.857142857143","0","0","0"
"Vintage build 3-in-1 muscle builder","","208.333333333333","","41.6666666666667","",""
"Pain mie toast nature canape","Plant-based foods and beverages,Plant-based foods,Cereals and potatoes,Breads","290","49","8.6","6","4"
"Lion's man coffe","","444","70","4","15","7"
"Coco tropical","","180","25","2.75000005960464","7.62499988079071","0.375000014901161"
"Nectarines","Plant-based foods and beverages,Plant-based foods,Fruits and vegetables based foods,Fruits based foods,Fruits,Fresh fruits,Peaches,Fresh peaches,Nectarines,Fresh nectarines","48.5","9","1.4","0.5","1.2"
"Jugo de Hierba de Trigo en Polvo","","317","45.6","19.58","2.96","15"
"Udupi muruku","","478.2","40","7.7","34","1.3"
"Agneau rôti","","224","0.5","25.3999996185303","13.5","0.028571428997176"
"Crackers","","421.052631578947","78.9473684210526","10.5263157894737","7.36842105263158",""
"Trio de poivrons","","31","5.09999990463257","0.899999976158142","0.400000005960464","1.60000002384186"
"Choco Changer Salted Caramel","Snacks,Sweet snacks,Cocoa and its products,Chocolates","537","59","6.5","30",""
"Vegan 3K Protein","Dietary supplements,Bodybuilding supplements,Protein powders,Protein shakes","373","5.4","81","2.4","2.7"
"Salade de pâtes sauce tzatziki concombre et saumon","","106.199996948242","14.1000003814697","4","3.79999995231628","1.5"
"Jugo de hierva decebada en polvo","","306","37.1","22.52","3.47","18"
"Mister Natural - Chabacano Deshidratado","Plant-based foods and beverages,Plant-based foods,Fruits and vegetables based foods,Fruits based foods,Dried products,Dried plant-based foods,Dried fruits","232","55","3","0","8"
"Mister Natural - Datil Premium","Plant-based foods and beverages,Plant-based foods,Fruits and vegetables based foods,Fruits based foods,Dried products,Dried plant-based foods,Dried fruits","284","68","3","0","8"
"Spezialnudeln, 1000g","","175","25","6","25","3"
"CHÂTEAU CLERC MILON","Beverages and beverages preparations,Beverages","292","35","41.9","28","5.6"
"烧烤味鸡胸肉","","135.800003051758","2.79999995231628","30.6000003814697","",""
"Hines Creek General Store","","260","3","17","20","1"
"Aronia Berries","","235","66","3.6","3.2",""
"Malt Loaf","Malt-loaf","314","59","3.3","4.8",""
"Raclette","Dairies,Fermented foods,Fermented milk products,Cheeses,Cow cheeses,Raclette,Cow raclette","349","0.9","23.4","28","0.5"
"Cheddar tranches","Dairies,Fermented foods,Fermented milk products,Cheeses","416","","25","34",""
"Rendang de boeuf","","125","16.6749992370605","6.97499990463257","3.04999995231628","1.29999995231628"
"Lotus Foods - Organic Red Rice","","119","25.19","2.22","0.74","2.22"
"Naranjitos","Snacks,Sweet snacks,Cocoa and its products,Confectioneries,Chocolate candies,Bonbons,Fruit confectioneries,Chocolate-covered-fruits","412","61.2","3","16.7",""
"Beef Ragu with Spinach & Parmesan","","142","13","9.3","5.4","1.6"
"Spiru tein","","330","42","42","0","12"
"Musztarda sarepska","Condiments,Sauces,Mustards,pl:musztarda-sarepska","93","7.9","4.4","4",""
"Ketchup sans sucre ajoute","Condiments,Sauces,Tomato sauces,Ketchup,Groceries","66.6666666666667","6.66666666666667","2.00000007947286","",""
"Montréal steak","","0","","","",""
"Pectine mix","","326","67","1","0.6",""
"Merlan","","193","17.7","12","8",""
"Confiture de bleuet sauvages à l'orange","","30","8","0.1","0",""
"Beurre de  bleuets","Dairies,Fats,Spreads,Spreadable fats,Animal fats,Dairy spreads,Milkfat,Butters","30","8","0.1","0",""
"Tartinade de bleuets sauvages au thé des bois","","200","53","0.7","0",""
"Pâtes de bleuets","","300","70","0","0","0"
"Pâtes de bleuets","","300","70","0","0",""
"Pâtes de bleuets","","300","70","0","0","0"
"Bleuets séchés et chocolatés","","475","62.5","7.5","30","12.5"
"Sirop de bleuet","","288","72","0","0","0"
"Confiture de bleuet sauvage et érable biologique","","25","7","0.1","0",""
"Tarte aux bleuets sauvages","Sweet pies,Pies","277.77777777778","36.666666666667","3.3333333333333","13.333333333333",""
"Wild Blueberries from Lac-Saint-Jean","","50","12.142857142857","0.71428571428571","0","2.8571428571429"
"Wild Nordic Blueberries From Lac-Saint-Jean","","50","12.1428571428571","0.714285714285714","0","2.85714285714286"
"Red Bull","","46","11","0","0",""
"Animali parade vitamina c","","10","2","0","0","0"
"Capsule thé citron Dolce gusto","","384","95.5","0.400000005960464","",""
"Crostatine albicocca","Sweet pies,Pies,Tartlets,Crostatina","400.33","70","1.9","12",""
"Muffin con confettura di albicocche","","424","52","3.6","22.2",""
"Greek Chicken Tabbouleh With Tzatziki","","178.260869565217","14.187643020595","13.0434782608696","7.32265446224256","1.83066361556064"
"Marmelatta mango","","0","35","0","0",""
"Nutella","","539","57.5","6.3","30.9","0"
"Mini donuts","","447","47","5.4","26",""
"Légumes verts","","404","50.0999984741211","19.7999992370605","13.6999998092651","5.09999990463257"
"Gemme di Pino","","340","85","1","0.5",""
"Sukai","","340","85","1","0.5",""
"Olio extravergine di oliva","Plant-based foods and beverages,Plant-based foods,Fats,Vegetable fats,Olive tree products,Vegetable oils,Olive oils,Extra-virgin olive oils,Virgin olive oils,it:olio-extravergine-di-oliva","824","0","0","91.6",""
"Milka with whole hazelnuts.","Snacks,Sweet snacks,Cocoa and its products,Chocolates,Milk chocolates","560","48","7.9","36","3.5"
"Power pack","","500","","26","34","1"
"Galette frangipane 12cm","","497","37","8.5","34",""
"Lecca Lecca Camilla e Arancia","","380","95","0","0",""
"Golden Raisins California","Plant-based foods and beverages,Plant-based foods,Fruits and vegetables based foods,Fruits based foods,Dried products,Dried plant-based foods,Dried fruits,Raisins","300","80","2.5","0","5"
"Légumes du soleil","","62","5.80000008477105","1.55555555555556","3.13333341810438","2.06666670905219"
"Huile d'olive vierge extra AOP","Plant-based foods and beverages,Plant-based foods,Fats,Vegetable fats,Olive tree products,Vegetable oils,Olive oils,Olive oils from France,Extra-virgin olive oils,Olive oils from Haute-Provence","823.5","0","0","91.5","0"
"Rice Pudding","","373","83","7.5","1.20000004768372",""
"Ciokoroll","","432.600382409178","56.6","7.5","18.8",""
"granny smith apples","Plant-based foods and beverages,Plant-based foods,Fruits and vegetables based foods,Fruits based foods,Fruits,Apples,Fresh fruits,Acidic apples,Fresh apples,Granny Smith apples","54","11.1","0.6","0.5",""
"Nuttini","","536","57","4.9","31","3.9"
"Qingtuan","","270","50","5","5","2.40000009536743"
"Kartoffelknödel","","134","32","1.4","0.01",""
"Oracioc","","126","19","3.4","3.6","1.4"
"Bun jambon de dinde mimolette","","188","21.7","10.4","6.3","1.5"
"Bizcocho almendra","","387.65","33.59","5.79","22.27",""
"Oeufs frais","Eggs and their products,Farming products,Eggs","140","0.27","12.7","9.83","0"
"Vf. 13 glucomannano composto","","0","","","",""
"Copos de avena","Plant-based foods and beverages,Plant-based foods,Breakfasts,Cereals and potatoes,Cereals and their products,Breakfast cereals,Flakes,Cereal flakes,Rolled flakes,Rolled oats","375","59","14","7","10"
"Ricosten","","18.5","4.5","0.1","0","0"
"4 Ore senza fame","","443.9","41.2","15","22.6",""
"Brioche senza glutine","Snacks,Sweet snacks,Specific products,Biscuits and cakes,Products for specific diets,Sweet pastries and pies,Biscuits,Products without gluten,Viennoiseries,Brioches,Gluten-free biscuits","233","52.8","3.4","14.9","3.8"
"Fusilli multicereali","Plant-based foods and beverages,Plant-based foods,Specific products,Pastas,Products for specific diets,Products without gluten,Gluten-free pasta","351","75","0","1.6","7.8"
"Proteine bar 55","","447","29","49","13.6",""
"Protein bar","","461.5","28","47.3","16",""
"Energia pronta all'uso Guarana","","1500","0","1","0","0"
"Coriander Chicken with Sweet Potato, Cauliflower & Chipotle Mayo","","115.604395604396","10.3296703296703","10.989010989011","2.85714285714286","2.41758241758242"
"Chulpichocho","","205","16","16","8","5"
"55 protein bar","","449","13.3","9.1","14.9","47.3"
"Proteine break","","456","28","47.3","16","5.3"
"Saccottini misti","","378","52.8","2.5","17.2",""
"Friselle grano saraceno e cereali","","453","84.400001525879","1.6000000238419","11.800000190735",""
"Frollini","","440","71.5","2.5","15.1",""
"Piadina","","380","56","4.7","14.8","2.2"
"3 ore senza fame","","485","43.51","2.02","28.33",""
"Amin 21k","","199","1.83","40.26","0.43",""
"Amin 21K cacao","","0","0","0","0","0"
"Base pizza","","315","61.5","2.5","7",""
"Tarallini","","489","74.099998474121","4.9000000953674","18.89999961853",""
"Casoncelli alla bresciana","Plant-based foods and beverages,Plant-based foods,Frozen foods,Specific products,Pastas,Products for specific diets,Products without gluten,Casoncelli","238","43.06","4.43","4.95","1.56"
"55 protein bar","","464","28","47.3","16.9",""
"Rellenos chocolate negro","","436","65","7.6","15","5"
"2 ore senza fame","","515","28","13","37",""
"Senza pensieri","","420","76.5","2.2","11.8","2.2"
"Cookie pro","","402","25.1","21.1","22.9",""
"Cookie Pro","Snacks,Sweet snacks,Biscuits and cakes,Biscuits","444","27.700000762939","21.200000762939","26.799999237061",""
"Si&No mais bio","","426","76","6.7","10",""
"Si&No","","444","74","7","13","2.7"
"pasto sostitutivo","","212","12.58","23.98","21.77","2"
"Carckers feta , olive oil e oregano","","437","65","12.5","14.2",""
"crispy crackers rosemary","","437","65","12.5","14.2",""
"Proteine vegetali","","410","5.3","78","8","1"
"Protein break caccaocrisp","","137","8.4","14.2","4.8","1.6"
"Protein bar 55","","458.18181818182","24.909090909091","47.272727272727","18.909090909091",""
"55 Protein  bar","Snacks,Sweet snacks,Bars,Dietary supplements,Bodybuilding supplements,Energy bars,Protein bars,Protein Energy Bars","464","25.8","47.3","17.8",""
"Protein","","353","1","80","3.2",""
"Linumethics","","506","0.6","26","39","27"
"Focaccia senza glutine all’olio extravergine di oliva","Plant-based foods and beverages,Plant-based foods,Cereals and potatoes,Meals,Breads,Focaccia","318","53.7","2.7","10.9","2.7"
"Proteine whey vegetal","Dietary supplements,Bodybuilding supplements,Protein powders","409","8.8","73","7.8","5.8"
"Vegetal 100% protein","","145","8.1","77","7.5","3.3"
"Farina senza glutine","","357","87.9","0.6","0.3",""
"Banoffee Overnight Oats","","156.551724137931","26.2068965517241","6.55172413793103","2.31034482758621",""
"Peanut Butter & Strawberry Overnight Oats","","155","18","7.3","5.6","2.5"
"Biscuits","","467","56","5.7","24",""
"sage and red onion stuffing mix","Condiments","241","27","3.9","12.5","2.5"
"山药粉","","420","76.8000030517578","7.69999980926514","8.60000038146973",""
"Bevanda ala Cacao e Nocciola","","368","12","68","4.2",""
"Barretta ad alto contenuto proteico","","425","41","29","17",""
"NutritionDiet","","420","35","30","17",""
"DietCroc","","352","12.2","2.1","2.7",""
"Biscolife","","445","63","6.5","18",""
"Diet shake","","90","3.4","18","0.5","0.1"
"DIET PRO cioccolato","","396","4.5","75","7.6","5"
"Chocolife","Snacks,Sweet snacks,Cocoa and its products,Chocolates,Dark chocolates,it:cio","455","29","10.5","41.5","12"
"Tortino al cacao","","519","4.53","0.03","5.7",""
"Preparato alimentare per omelette","","352","5.7","72","4",""
"Snack pro","","628","6.52","12.24","8.12",""
"Snack diet PRO","","464","46","6.5","19","82.7"
"Stevìdietpro","","1.7","1.7","0","0",""
"CybaraDetox","","391","98","0.2","0","0"
"VB Whey 104 9.8 Cioccolato","","391","0","89.1","3.5",""
"Absolute Black","Snacks,Sweet snacks,Cocoa and its products,Confectioneries,Bars,Chocolate candies,Candy chocolate bars","604","9.2","13","53","17"
"Senza pensieri","","422","29.8","19.2","27",""
"Immudek","","0","0","0","0",""
"Barritas muesli frutos rojos","Snacks,Sweet snacks,Bars,Cereal bars","432","64","8.1","15","4.3"
"Neviacin 1000","","215","51","1.3","0","1.5"
"Aminoday","","0","0","0","0",""
"Pizzarimafit","","152","12","14","0.5","24"
"Energy bustine","","500","6","0","4","1.5"
"Mermelada de Higo","","202","48.37","2.63","0.21",""
"Shedirflu","","273","57","11","0","0.4"
"Barretta proteica","","176","17","10","7.2","0.8"
"Beignets à l'abricot","Snacks,Sweet snacks,Sweet fritters","314","50","6.7","9.6",""
"Panier de Yoplait bio","","94","13.4","3.2","2.6",""
"Madeleine","","469","65.7","6.1","19.8","1.7"
"Queijo Parmesão Fracionado Galbani","pt:parmesao","403.333333333333","0","31.3333333333333","31","0"
"VBBAR 25 cioccolato","","333","26.9","50.4","7.1",""
"Crunchy Peanuts Butter","","627","12","28","51",""
"Pineans day","","0","0","0","0","0"
"Cookie pro arancia","","416","25.8","21.8","23.6",""
"AM gel cup FLAVOUR GRENADINE","","3.7","0.5","0.5","0.5",""
"Vellutata","","9","9","9","9","9"
"Wafer al sapore di caffe’","","468","13.8","42.2","25.4",""
"Wafer  al cioccolato","","484","18.33","40","25.06","12.6"
"Wafer al sapore di vaniglia","","484","18.33","40","25.06",""
"Wafer al prosciutto e formaggio","","458","8.58","40","24.43","20.67"
"Pancake","","403","11.2","66.5","9.7","1.6"
"Palline al sapore di formaggio","","370","23.8","46.5","8.3","0.4"
"Palline di soia ricoperte di cioccolato al latte","","489","10.4","32.5","29.7","20.1"
"Grissini","","352","8","38","12",""
"Dessert pronto","","80","1.85","11.5","2.2",""
"Crepes al sapore di prosciutto e formaggio","","341","18.8","58.1","2.8","4"
"OMELETTE al sapore di erbette","","401","3.95","64.3","14","1.1"
"Frollini al cacao","Snacks,Sweet snacks,Biscuits and cakes,Biscuits","403","8","38","18","10"
"Grillini al caffè","","376","9","30","21","22"
"Frollini alla mandorla","","403","8","38","18","10"
"Focaccia all'origano","","1301","8","25","15","22"
"Croissant","","372","8","30","20","15"
"Fette tostate al cacao","Plant-based foods and beverages,Plant-based foods","363","8","44","11","28"
"Confettura di albicocca","","100","33","0.4","0.3","1"
"Confettura di fragola","","95","29.7","0.4","0.5","1.5"
"Crema spalmabile","","475","48","11","34",""
"Barretta al sapore di cocco","","322.1","18.1","33","10.5",""
"Baretta croccante","","358","10.9","34","14","28"
"Barrette croccanti","","360","10.8","34.2","14.5","28"
"Bastoncini ricoperti di cioccolato","","414","6.4","34.9","22.5","25.4"
"Ciocco crisp","","457","10","30","27.5",""
"Crackers","","421","18","41","17","16"
"Crackers al sapore di pizza","","421","18","41","17","16"
"Crackers al rosmarino","Snacks,Salty snacks,Appetizers,Biscuits and crackers,Crackers (Appetizers)","421","18","41","17",""
"Polase","","71","16.8","0.01","0.01",""
"Isomed","Snacks,Sweet snacks,Biscuits and cakes,Biscuits and crackers,Biscuits,Wafers,Stuffed wafers","484","18.33","40","25.06","12.6"
"Barretta croccante","","1453","10.4","34.1","13.6","27.9"
"Frollini al cacao","Snacks,Sweet snacks,Biscuits and cakes,Biscuits","403","8","38","18","10"
"Tavoletta al sapore di cioccolato fondente","","498","4.1","32.6","33.7","22.3"
"Maccheroni ai 5 buchi Applefarm","","352.5","77.5","7","1.53","2.2"
"Biscotti al cacao e crema alla vaniglia","Snacks,Sweet snacks,Biscuits and cakes,Biscuits,Filled biscuits,Chocolate sandwich cookies","437","20.5","37","23","10"
"Bamak sport bustine","","371","85","0","0",""
"Soupe jardinière","","27","2.59999990463257","1.5","1","0.5"
"Soupe suprême de tomates","Meals,Soups","45","5.40000009536743","1.29999995231628","2","0.5"
"alimento a fini medici speciali","","352","43.17","34.89","3.4","4.61"
"Fermenti lattici","","0","0","0","0",""
"Quadrotti al curry e curcuma","","421","18","41","17","16"
"Deliziosi al cacao","","429","19","37.5","22","8"
"Biscotti mandorla","","718","19","37.5","22","8"
"Deliziosi al pistacchio","","429","19","37.5","22","8"
"Kippencrème soep","","49","3.40000009536743","1.70000004768372","3","0.5"
"Vicafort Protein","","337","25","30","13","17"
"Schiacciatine","","376","17","47","12","6.1"
"Schiacciatine curcuma e pepe nero","","376","17","47","12","6.1"
"Schiacciatine pomodoro e origano","","376","17","47","12","6.1"
"Schiacciatine Isomed","","376","17","47","12","6.1"
"Tortilla chips al sapore di bacon","","390","17","45","12","17"
"Biscotti con scorza d'arancia","","473","39","29","22","1.4"
"vicafort protein","","337","25","30","13","17"
"Crema spalmabile extra dark","","498","47","4","40",""
"Key protein","","411.76470588235","2.6470588235294","73.529411764706","7.6470588235294","8.5294117647059"
"Beef  Boeuf aux 5 épices Nouilles Japonaises","","81","9.6","2.4","3.5",""
"Powder - Cheese Blend","Condiments,Groceries","411.764705882353","58.8235294117647","11.7647058823529","14.7058823529412","0"
"Gusanitos","","1.965","0.7","6.6","5.2",""
"Butter Powder","Dairies,Fats,Spreads,Spreadable fats,Animal fats,Dairy spreads,Milkfat,Butters","583.333333333333","16.6666666666667","0","53.3333333333333","0"
"Powder -Nonfat dry milk","Plant-based foods and beverages,Dairy substitutes,Milk substitutes,Creamer","333","52.38","33.33","0","0"
"Croissant ripieno alla crema di cacao","Snacks,Sweet snacks,Sweet pastries and pies,Viennoiseries,Croissants,Filled croissants","245","6.24","17","14.3","9.1"
"Muesli quinoa chia","Plant-based foods and beverages,Plant-based foods,Breakfasts,Cereals and potatoes,Cereals and their products,Breakfast cereals,Mueslis","416","27","9.8","4.3","1"
"Piadina","Plant-based foods and beverages,Plant-based foods,Cereals and potatoes,Breads,Flatbreads,Piadina","308","11","22","13.8","26"
"British Oakham Medium Chicken","","151","0.8","16.9","8.9","0.1"
"Chocolat Noir 85% vegan","Snacks,Sweet snacks,Cocoa and its products,Chocolates,Dark chocolates","636","19","8.8","56","12"
"Frutos secod","","593","20","19","47","7.1"
"Martino panos","","232","24","9.89999961853027","10","3"
"Hershey’s pie Burger King","","392.405063291139","40.5063291139241","3.79746835443038","24.0506329113924","1.26582278481013"
"Chili himbeer bonbons candy","Snacks,Sweet snacks,Cocoa and its products,Confectioneries,Chocolate candies,Bonbons,Candies,Hard candies","236","97.3","0.1","0.6",""
"Mushroom Ground Coffee Medium Roast","","5","1","","",""
"Cheddar oignons","","411","3.09999990463257","22.7999992370605","33.9000015258789",""
"Strawberry Lemon Drink","","8.45070422535211","2.53521126760563","0","0","0.845070422535211"
"Charcuterie plate","","340","18","15","25","3"
"Katsu Curry, Jasmin Rice, Edamame","","135.874439461883","14.3497757847534","13.2286995515695","2.46636771300448","1.32286995515695"
"La poule cuite et fumé","","168","1.1","24","7.5",""
"Soft And Chewy","","416.666666666667","75","8.33333333333333","10.4166666666667","4.16666666666667"
"Chicken Katsu Curry With Jasmine Rice & Edamame","","135.051546391753","13.6082474226804","13.6082474226804","2.68041237113402","1.34020618556701"
"Chicken Katsu Curry with Jasmine Rice & Edamame","","130.927835051546","13.1958762886598","13.4020618556701","2.47422680412371","1.21649484536082"
"Chicken Katsu","","136.907216494845","13.4020618556701","14.2268041237113","2.68041237113402","1.31958762886598"
"Caramel Corn","","127.02893436838","24.70007057163","0.70571630204658","3.1757233592096","0.70571630204658"
"CHOCO STELLINE BIO","","378","81.1","5.9","2.5",""
"Coffee flakes con omega 3","","372","85","7","0.8",""
"Ventagli di pasta sfoglia","","556","56","1.5","35.8",""
"Treccine di pasta sfoglia","","552","56","1.5","35.8",""
"Savoiardi","","364","65","8.2","7.3",""
"Isofuel","","24","5.8","0","0","0"
"Grissini proteici","","403.33333333333","4.6666666666667","40","18.666666666667",""
"Grissini proteici con olio di olivia","Plant-based foods and beverages,Plant-based foods,Snacks,Cereals and potatoes,Salty snacks,Breads,Breadsticks","403","4.6666666666667","40","18.666666666667","26"
"Frollini Proteici Low Carb","","438","13.8","40","23.6",""
"Frollini proteici","","483","13.8","40","23.6",""
"Frollini proteici","","2","40","40","7.1",""
"Schiacciatine proteiche","","403","4.6","40","18.8","26"
"Schiacciatine","","403","4.6","40","18.8","26"
"Schiacciatine proteiche","Snacks,Salty snacks,it:grissini-proteici","403","4.6","40","18.8","26"
"Biscotti proteici","","430","12.8","40","22.7",""
"Biscotti proteici low carb","","430","12.8","40","22.7",""
"Proteine whey","","131","2","30.3","0.6",""
"Proteine cioccolato e burro d'arachidi","","384.21","5.35","89","1.71","0"
"Proteine","","385.62","5.93","89","1.71","0.1"
"Croissant","","300","45.5","3.1","20.6","2.8"
"Mix Farina per pane, focaccia e pizza","","333","83","0.3","0","5.8"
"Shake","","354","30","34","7.3",""
"55 protein bar","Dietary supplements,Bodybuilding supplements,Protein bars","190","13.7","24","4.1",""
"DIETOlinea","","384","74","9","2.7",""
"Egg protein","","357","6.8","30","0","1"
"Anasten Plus","","0","1","0","100","0"
"Pancake senza glutine","","352","53","6.5","13",""
"Pane bianco fresco senza glutine per celiaci","Plant-based foods and beverages,Plant-based foods,Cereals and potatoes,Specific products,Products for specific diets,Breads,Products without gluten,Gluten-free breads,White breads","231","47.9","2.3","2.3",""
"Pizza Margherita senza glutine","","253","40.8","6.5","7.1",""
"Malto Fuel Energy Gel","","250","62.6","0","0",""
"Power fuel gel","","145","36.4","0","0","8"
"chips","","388","16","46","12",""
"Cookie bar 40-30-30 CACAO","","448","43","33.4","14.8",""
"Cookie Bar 40 30 30","","443","43.4","32.8","14.8","3.4"
"Cookie bar","","433","42.9","33.8","21","3.8"
"Cookie bar","","462","47.1","34.8","15.2","0.7"
"Girelle cioccolato","","403","50.900001525879","7.5","18.299999237061",""
"Crostini","","491","59.299999237061","9","23.60000038147",""
"Focaccia rustica al salame senza glutine","","292","38.6","8.8","10.9","2.3"
"Energynuts","","509","39.4","12.9","35.1",""
"Natura Bar Energy Nuts","","506","41.1","14.3","34","6.9"
"Energy Nuts Natural bar mirtilli rossi","","486","45.4","12.6","30.6","6.9"
"Pane rosetta","","362.6","87.01","0.4","0.1","5.8"
"Mass gainer 2k","","371","57","30","2.1","2"
"Diet protein","","1461","26","50","4.7",""
"Zeolite","","0","0","0","0",""
"Argento colloidale ionico","","52","0","5","70","90"
"Proteine crock","","264","19.4","19.8","11.7",""
"Protein crock","","268","20.1","19.8","12.1",""
"Aloe spice","","0","0","0","0",""
"Avena","","390","67","12","7",""
"Fiocchi baby avena","","354","54.2","11.7","8.1","8.8"
"Fiocchi d’Avena Baby","","354","54.2","11.7","8.1",""
"Avena farina istantanea","","355","53.3","12.1","8.3",""
"avena farina istantanea","it:farina-d-avena","354","54.2","11.7","8.1",""
"Avena Farina Instananea","","354","54.2","11.7","8.1",""
"Farina avena","it:farina-d-avena","354","54.2","11.7","8.1",""
"pancake proteico","","357","50","30","3.4","3.1"
"Pancake proteico","","409","42","35.6","10",""
"whey protein","","387","9.7","75","5.3","0"
"Proteine wpc 100","Dietary supplements","387","9.7","75","5.3",""
"Wpc whey protein","","372","5.5","74","5.4","2.8"
"Croissant alla marmellata mignon","","372","49.8","2.6","16.5",""
"Biscotti dolce mattino","","434","78","5","11",""
"Le parigine","","510","60","1.8","29",""
"Energy Crisp","","360","23.1","4","1",""
"Energy Crisp crunchy bar","","383","83","3.8","3.3","2.7"
"Energycrisp","","1193.3333333333","76","4.3333333333333","12.333333333333","3.6666666666667"
"75 protein","Dietary supplements,Bodybuilding supplements","360","33.8","40","12.5",""
"75 protein bar","Dietary supplements,Bodybuilding supplements,Protein bars","476","34.266667683919","40","12.266666412353",""
"CABILLAUD POIREAUX RIZ","","294","35","20","7.80000019073486","2.90000009536743"
"Neutral","","0","0","0","0","0"
"Perfect 100% Whey","","396","2.6","90","2.4",""
"Barretta sostitutivo pasto","","5.4","39","24","12",""
"Seripnol crono","","0","0","0","0","0"
"Perfect blend 90","","410","1.2","91","1.3","0"
"Bio nutrimix","","386","71.1","9.5","5.6",""
"PERFECT BAR Isolate Proteine","","470","22.5","50","21","4"
"Perfect bar","","470","22","10.5","10.5","48"
"Perfectbar","","470.08","22.5","50","21","4"
"Perfectbar","","470","22.5","50","21",""
"Perfect Bar","","470","22.5","4","21",""
"Barretta proteica","Dietary supplements","470","22.5","50","21","4"
"Intisens","","0","0","0","0","0"
"Immunother  go","","411.42","44.068","34.87","9.47","5.178"
"Burro di arachidi","Plant-based foods and beverages,Plant-based foods,Legumes and their products,Spreads,Plant-based spreads,Oilseed purees,Legume butters,Peanut butters","598","8.5","29","50",""
"Burro di arachidi","Plant-based foods and beverages,Plant-based foods,Legumes and their products,Spreads,Plant-based spreads,Oilseed purees,Legume butters,Peanut butters","598","8.5","29","50",""
"Perfect cream","","533","28.6","25","40.2",""
"Perfect cream","","560","27","26","10",""
"Perfet cream spalmabile fondente","","518","29.4","27.3","37.4",""
"Dimabar","","483","42","30","25",""
"Collagene rigenera","","364","1","91","0",""
"Protein bar arachidi","","452","22","42","21",""
"Crema novi","","550","42.7","10.4","36","6.9"
"75 protein bar","","351","33.6","40","12",""
"75 protein bar","","351","34.48","40","11.7","0.6"
"Barretta","","263","26","30","8.7","0.3"
"45 protein bar low Sugar","","360","33.8","40","13.3","1.7"
"45 protein bar","","366","33.8","40","14.2",""
"45 protein bar","","357","34.5","40","13.1","1.2"
"45 protein bar","","358","34.4","40","13",""
"Biscozero","","396","27.2","19.3","24.5",""
"Biscozero","","422","29.799999237061","0.34000000357628","33","4.6"
"Pane proteico","Plant-based foods and beverages,Plant-based foods,Cereals and potatoes,Breads","264","7.5","22","13.1","14.2"
"Perfect vaniglia","","387","2.6","92","1","0"
"Concentrato di protein","","404","7.2","78","6.5","2.5"
"Proteine","","395","98","0.6","4.2","80"
"Essential 100% whey","","393","8.4","80","4.2",""
"Baccala in olio extravergine d’oliva","","186","0.5","28","8",""
"Perfetto cream","","507","33","26.2","36",""
"Panini cereal","","264","34","2","9.2",""
"Perfetto cream","","536","31.2","27","39.2",""
"Perfect cream coccociock","","537","30.4","26.4","39.7",""
"Perfect cream","","507","33","26.2","36",""
"Perfect Cream Crunchy Peanut","","482","32","28","32.3",""
"Omlette erbe","","357","5.2","73.6","4.6",""
"Vellutata zucca","","338","2.3","70.8","6.7",""
"Vellutata di asparagi","","312","5.7","67.8","1.4","5.7"
"Barretta Zero","","239","4","8","7.6",""
"Dlab barretta","","321","7.4","21","16",""
"barretta al sapore di cocco","","338","7.5","20","19",""
"ZERO Dieta Lab","","339","10","20","19",""
"Barretta al sapore di stracciatella","","308","9.7","17","17",""
"Barretta perfectbar","Snacks,Sweet snacks,Bars,Dietary supplements,Bodybuilding supplements,Energy bars,Protein bars,Protein Energy Bars","415","21.4","48","18",""
"Perfectbar","Dietary supplements,Bodybuilding supplements,Protein bars","415","21.4","48","18","4"
"Muesli preparato solubile banana  cioccolato","","351","9.5","74.9","2.9","2.7"
"Vellutata pomodoro","Plant-based foods and beverages,Plant-based foods,Fruits and vegetables based foods","317","15.9","58.5","1.7","3.7"
"Vellutata di verdure","","387","14.6","72.1","4.1",""
"Pane","","242","51","2","2.5","5"
"Avena farina istantanea","","370","24","24","18",""
"farina istantanea","","376","65.9","12","6.2","2"
"Farina avena","Plant-based foods and beverages,Plant-based foods,Cereals and potatoes,Cereals and their products","374","66","12","6","4"
"Avena fiocchi baby integrali","","370","55","14","8","11"
"Low carb bar","","347","8.8","35","13","29.3"
"Low carb bar 3.0","","350","8.3","2.8","13.7","4"
"Low carb bar 3.0","","346","8.8000001907349","10.5","13",""
"low carb bar 3.0","","345","4","35.6","13","29"
"Magnesio Potassio Sport","","335","84","0","0",""
"Sostitutivo Pasto shake","","377","53","31","4.5999999046326",""
"Sostitutivo pasto per il controllo del peso","","384","45","4.5","8.3","9.6"
"Pancake","","410","36","36.3","12",""
"Pancake","","411","42","36","10",""
"Pancake proteico","","417","40","35","12",""
"Focaccia","","154","18","13","1.5",""
"NEOLATTE 2","","77","17.5","0.6","0.5",""
"Baketi proteici","","400","4.5999999046326","40","18.799999237061",""
"Low carb baketti proteici","","400","4.6","40","18.8","26"
"Biscotti proteici","Snacks,Sweet snacks,Biscuits and cakes,Biscuits,it:biscotti-proteici","430","12.8","40","22.7","15.8"
"Biscotti proteici","","430","12.8","40","22.7","15.8"
"Fette biscottate proteiche","","390","6.8","40","16.2","28.3"
"Frisbee proteici","","150","6.5","12.2","8.1",""
"Frisbee proteici vaniglia","","417","18","34","22.6","16.2"
"Frollini proteici","","438","14","40","24","14"
"Low carb plumcake proteico","","413","15","50","19",""
"Frollini proteici","Snacks,Sweet snacks,Biscuits and cakes,Biscuits","418","4.5","40","20","30"
"Saporiti proteici","","418","4.5","40","20",""
"Erbe officinali","","1","0.2","0.1","0",""
"Mix dessert","","360.5","12.8","70.2","2.1","4.2"
"Mix vellutate omelette","","359","9.1","65.3","6.1","3.3"
"Crema spalmabile cacao","","439","40","17","29",""
"Crema spalmabile arachidi","Plant-based foods and beverages,Plant-based foods,Spreads,Nuts and their products,Plant-based spreads,Oilseed purees,Nut butters","466","36","25","29",""
"Crema spalmabile nocciola","Breakfasts,Spreads,Sweet spreads,fr:Pâtes à tartiner,Hazelnut spreads,Chocolate spreads,Cocoa and hazelnuts spreads","471","33","20","33","5.9"
"Crema spalmabile al pistacchio","","486","38","21","31",""
"Tortellini all'uovo di carne senza glutine e lattosio","","357.3","85","2.5","0.8","6"
"Crunch cioccolato","","378","26","31","17","16"
"Barrette vegetali","","344","30","25","10",""
"Biscotti Arancio","","473","39","15","22","1.4"
"biscotti al cioccolato","","473","41","25","22",""
"Biscotti  frutti rossi","","485","38","30","23",""
"Biscotti a limone","","360","15","35","16","18"
"Dessert cioccolato","","361","9.9","70","3.2",""
"Dessert fragola","","0.8","69","0.8","18",""
"Minicrock Ciocco Nero","","428","30","31","23",""
"Gigli pasta di legumi","Plant-based foods and beverages,Plant-based foods,Cereals and potatoes,Cereals and their products,Pastas","307","43","23","2.9","7.9"
"Rustici pasta legumi","Plant-based foods and beverages,Plant-based foods,Cereals and potatoes,Cereals and their products,Specific products,Pastas,Products for specific diets,Products without gluten,Gluten-free pasta","307","43","23","2.9","7.9"
"Tavolette di cioccolato snck","","454","15","24","27",""
"Wafer cioccolato","","489","26","34","26","11"
"Wafer vaniglia","","505","25","33","28",""
"Crostata","Sweet pies,Pies,Crostata","518","68","3.8","25",""
"Biscotti mela e cannella","","468","39","29","21",""
"Isolate protein","","381","2.4","86","2.6","2"
"Sporxamusss pugliesi","","486","45.2","2","32.6",""
"Cracker rosmarino","","85","33","30","14","13"
"vitamina c","","0","1","1","1","1"
"Tortillas al bacon","","389","16","45","12",""
"Cracker Multicereali","","478","23","9.7","27","0.9"
"Panini all'olio senza glutine","","257","51.2","0.3","4.9","3.8"
"Quevir","","0","0","0","0",""
"Fagottino di sfoglia con crema di nocciole e cacao LuisAnna","Snacks,Sweet snacks","531","53","2.9","34",""
"Multi formula","","10","0","15","0","0"
"Vitamina c","","0","0","0","0","0"
"Pandolce dei gonzaga","","305","42.1","3.1","16.5","1.2"
"Bevanda al gusto di vaniglia","","386","14","72","1.7","1.1"
"Bevanda al gusto di cacao","Beverages,Dried products,Dried products to be rehydrated,Dietary supplements,Instant beverages,Bodybuilding supplements,Dehydrated beverages,Protein powders","352","9.7","64","4.8","7.5"
"Strawberries and Cream Protein Powder","","91","3.70000004768372","18","0.400000005960464","0.300000011920929"
"Bevanda gusto cappuccino","","400","13","71","2.5","2.5"
"Delicata alla frutta","","93","19.6","0.5","0.2",""
"Delicata alla frutta ciliegia","","106","20.1","0.7","0.2",""
"Delicata alla frutta pesca","","86","19","0.4","1","16"
"Farina d'avena istantanea (gusto pizza)","","375","59.5","11.45","6.56","8.5"
"KBar","","440","52","34","9.1","13"
"Kcrisp nocciola","","363","20","34","15",""
"Kbread","","154","4","9.5","7.5","16.5"
"K toast","Plant-based foods and beverages,Plant-based foods,Cereals and potatoes,Cereals and their products,Breads","389","8","44","15",""
"Kpiadella","","332","6","18","20","28"
"Kcroissant","","357.60000610352","8","26","22",""
"Fusilli","","348","14.2","68","3","8"
"CHCOLATE","","469","22","35","34",""
"Cracker","","396","10","20","20","28"
"Biscozero","","413","26","20","26",""
"Biscozero","","416","28","21","24","21"
"Panini rustici","","216","39.8","1.5","5.96",""
"4 Ore Senza Fame Bio","Snacks","443.9","41.2","15","22.6","10.5"
"Perfect cream","","531","31.299999237061","27","38.700000762939",""
"Spalmabile yogurt frutti di bosco","","504","33","28","35",""
"Budino proteico","","73","0.4","12","2.1",""
"Budino Proteico Low Carb","","80","2.3","12","1.6",""
"Burro di arachidi smooth al cocco","","589","20","20","52",""
"Burro di arachidi smooth al cacao","","553","19","20","46",""
"burro di arachidi iperproteico","Fats,Spreads,Spreadable fats","529","15","50","32","3.3"
"Burro di arachidi iperproteico","","529","16","50","32","3.3"
"Low carb brioche proteica","","391","23","32","21",""
"Aranciata","","48","11.800000190735","0","0",""
"Brioche pandolce","","367","87","0.9","1.5","5.8"
"Crema Spalmabile Raffaello","","547","28","26","41",""
"Crema spalmabile fondente crunchy","","530","26","26","39",""
"Crema spalmabile nocciola crunchy","","507","29","24","37",""
"Crema spalmabile pistacchio crunchy","","563","31","3","43",""
"Barretta Sistitutivo Pasto","","361","35","28","11","7.6"
"Barretta sostitutivo pasto, cioccolato","Snacks,Meals,Sweet snacks,Bars,Dietary supplements,Meal replacements,Bodybuilding supplements,Energy bars,Protein bars,Protein Energy Bars","362","32","28","12","9"
"savoiardi bio","","380","68","11","7.1",""
"Eaa amino integratore alimentare 300g","","309","77","6","0","5"
"Low Sugar piadina proteica","","288","33","21","7",""
"Melissa","","170","58","0","0","14"
"Saltimbocca","","247","48","2.6","5.3",""
"Pralina Zero","","543","17","20","42","16"
"Low Sugar Crock Zero","","454","40","21","20","9.4"
"Low sugar crock zero","","441","40","21","21",""
"EnergyFuel","","395","69","5","11",""
"Barretta Energy Fuel con pasta di mandorle","","404","69","5.1","12",""
"EnergyFuel pasta di mandorle e crema pistacchio","","410","66.666666666667","5.3333333333333","10",""
"Vitamina rda vita plus","","16","33","6","15","1"
"Matcha sugar free cereal coconut","","400","80","12","2","2"
"Muffin zero","","373","37","15","23",""
"Perfectbar","","470","22","50","21","4"
"Wafer  zero cacao e nocciola","Snacks,Sweet snacks,Biscuits and cakes,Biscuits,Dietary supplements,Wafers,Bodybuilding supplements,Stuffed wafers,Protein bars","507","16","32","33","9.8"
"Wafer Zero ripieno & ricoperto","","479","17","30","31",""
"Wafer zero pistacchio-cioccolato bianco","","496","36","30","32",""
"Wafer  Zero ripieno & ricoperto","","168","6","10.5","10.9",""
"Muffin","","357","9","22","23","16"
"Craker","","410","11","34","20",""
"ARTEF plus","","3","1","0","1","0"
"Panettone","Snacks,Sweet snacks,Sweet pastries and pies,Viennoiseries,Brioches,Panettone","368","52","6.6","14","2"
"Lax+  fibre","","0","","","","3.70000004768372"
"K Piadella","","332","6","18","20","28"
"K Crisp","","339","16","42","9.5","19"
"Reivis creatina","Dietary supplements,Bodybuilding supplements","0","0","0","0","0"
"Wafer nocciola","","359","34.7","36","14.1","1.4"
"Pasta sfoglia gluten free","","418","34.6","0.8","29.9","3.8"
"Barreta energy bar","","487","37","12","31","5.8"
"High Protein Bar 33","","381","27","33","15","9"
"Iper protein bar 41%","","395","27","41","15","1.7"
"Pane proteico","","275","6.3","22","16",""
"Neolatte 3","","135","8.6","1.7","2.9",""
"55 protein bar","","447","32","44","9.48","2"
"Protein bar","","427","28","50","14","2.4"
"55PROTEINBAR","","438","32","44","8.8",""
"protein bar crisp","","456","18","0.1","19","44"
"Protein bar 55","","252","30","44","10","2.5"
"Proteine bar","","452.72727272727","30.909090909091","0.16363636363636","18","43.636363636364"
"Protein Bar Crisp","","446","19","44","18","3.2"
"55 protein","","449.090909090909","29.0909090909091","43.6363636363636","18","2.36363636363636"
"protein break crisp","","434","32","43","16","2.9"
"Protein Break","Dietary supplements,Bodybuilding supplements","453","29","43","19","3.8"
"Protein break","Dietary supplements,Bodybuilding supplements","447","30","8.7","18",""
"Proteine break","Dietary supplements,Bodybuilding supplements","454","9","13","5.7","0.7"
"Low sugar ice cream zero","","306","56","5","2","42"
"Biscuit mandorla","","401","14","30","22",""
"Ice cream zero","","316","56","30","3","4.6"
"ICE cream zero","","314","58","30","3",""
"Latte in polvere","","277","8","1.4","3.2",""
"Low sugar ripieni proteici","","487","19","31","31","10"
"Ripieni proteici pistacchio","","82","3.3","5.3","5.3","1.7"
"AMINOVIS","","27.95","6.95","0","0","0"
"Jamón serrano","Meats and their products,Prepared meats,Hams,Cured hams,Dried hams,Spanish meat products,Serrano ham","197","0.6","26.1","10",""
"Kpro","","323","0.8","77","1.3","0.1"
"SPUNTINI ZERO riso e ceci","","372","74","12","2.2","4.1"
"Riso basmati suzi wan","","361","58","21","2.6","11"
"Spuntini zero mais e legumi","","360","69","15","1.4","5.6"
"Spuntini zero mais e quinoa","","390","72","9","1.5","4"
"Biscotti sandwich","","478","14","0.26","29","36"
"Bisco Sandwich","","505","11","32","34","16"
"Bisco sandwich","","92","20","20","45","4"
"BISCO SANDWICH TM","","479","11","29","32","20"
"albiccocche marmellata","","141","32","0","0.4",""
"Marmellata di mirtilli","","146","33","0.4","0.4","0"
"Frutti di bosco","","146","33","0.7","0.3",""
"Proteine","","406","4.6","76","9","1"
"Treccine alla pizzaiola","Snacks","331","35","26","9.2","2.2"
"Ricoperto zero biscotto al cacao","","396","27","19","24","21"
"Ricoperto zero","","422","30","19","27","19"
"Biscotto ricoperto low sugars","","423","26","20","26","19"
"Low Sugar cookie wafer","","515","21","33","38","3"
"barretta zero dietalab","","333","11.5","21.1","15.1","38.7"
"Dlab barretta cocco","","384","10.4","18.1","23.8","33.8"
"Zero dieta lab","","352","10.6","22.1","17.5","37.9"
"Barretta ricoperta di cioccolato","","371","13.7","20.1","19.3","37"
"Zero","","332","13.7","21.5","15.3","35.4"
"Muffin cacao e nocciola","","374","35.3","15.5","22.6","7.4"
"Muffin all’Arancio","","361","41.3","13.9","21","6.5"
"Crema spalmabile proteica","","526","29","25","40","0"
"Perfect cream pistacchio","","564.8","29","25","44",""
"Perfect cream","","565","27","26","44",""
"Perfect Cream Fondente","","509","29","27","37",""
"Perfect Cream Biancociock","","532","31","27","39",""
"Perfect cream","","506","33","0","36",""
"Perfect cream cookies e cream","","523","31","27","38",""
"Perfect cream","","512","33","28","35",""
"Biscotti integrali","","504","69","5.2","23",""
"super cookie","","440","50","22","22","3.3"
"Plumcake fragola","","312","50","12","13.5","6.5"
"Pralina al pistacchio","","545","17","30","40",""
"Proteocomplex","","319.75","3.25","75","0.75",""
"Grain free granola  berry crunch","","492.857142857143","14.2857142857143","11.4285715988704","43.2142870766776","7.14285714285714"
"Legum Pops","","272.4","66.4","11.4","2.2","7.2"
"BIO AVENA FIOCCHI CROCCANTI","","393","63","15","6.4","10"
"Wafer zero cacao cioccolato bianco","","511","18","34","33","7"
"Wafer Zero Ripieno e Ricoperto","","179","17","34","34","7.4"
"Ksnak salato","","414","8","36","22","20"
"Kovochoc","","473","22","33","35","3.59"
"pizza proteica","","184","15","20","2","13"
"Knut","","498","32","22","7.2","5"
"Multicereali","","463","26","31","24","9.3"
"Grissini Artigianali","","453","84.4","1.6","11.8","1.9"
"Wht nature","","373","43.7","31","6.3","8.9"
"Pancake proteici low sugars","","375","45.3","30.1","6.2","8.6"
"Pancake proteico","","375","45.3","30.1","6.2","8.6"
"Proteine isolate","Dietary supplements,Bodybuilding supplements,Protein powders","375","2.5","88","1.4","0"
"Whey perfect","Dietary supplements","375","2.5","0","1.4","88"
"Croiaannt alla crema","","362","46.8","2.7","16.7","6.6"
"Psiproto","Dietary supplements","27.8","0.1","6.85","0.03",""
"Kplumcake","","367","26","24","24","8"
"Hydrolized 100%WHEY vaniglia","","354","1.2","84","1.5","0"
"Delizia Meal Bar","","396","40","30","12","6.8"
"Delizia meal bar","","410","35","30","13","3.2"
"Delizia meal bar","","397","40","30","12","7.1"
"Kconchiglioni","","304","14","30","4","46"
"Whey tasty","","70","2.1","12","1.1",""
"Kgrissini","","444","3.19","40.19","24","27.19"
"Keto bar 3.0","","362","8","30","17","31"
"Low carb keto bar 3.0","","359","7.3","30","16.7","31.8"
"Xxl energy fuel con pasta di mandorle al pistacchio","","416","68","5.2","13","3"
"Egg 100% protein","","360","1.6","82","2.3","2.6"
"Dessert Frutti di Bosco","","314.285714285714","3.42857142857143","67.8571428571429","1.25","7.25"
"Desert pesca amaretto","","95","0.540000021457672","21","0.319999992847443","2.84999990463257"
"Tofu Nature Bio","Plant-based foods and beverages,Plant-based foods,Legumes and their products,Meat alternatives,Meat analogues,Tofu,Plain tofu","162","1.2","16","10.1","1.3"
"Tofu Fumé Bio","Plant-based foods and beverages,Plant-based foods,Legumes and their products,Meat alternatives,Meat analogues,Tofu,Smoked tofu","153","2.2","15","9.1","1.1"
"Kingsmill 50/50 Medium Bread 800G","Plant-based foods and beverages,Plant-based foods,Cereals and potatoes,Breads","231.9","42.5","9.2","1.7","4.9"
"Collagene rigenera sport","","357","1","89","",""
"Parigine","","526","58.2","1.7","31.3","0"
"Perfect 100% Whey","Dietary supplements","375","2.5","88","1.4","0"
"Millet House Malt","Beverages and beverages preparations,Beverage preparations","413","67.86","13","6.36","8.14"
"Wafer cioccolato","","486.111111111111","13.8888888888889","41.6666666666667","25.5555550257365","7.50000013245477"
"Almond & Coconut Creamer","Plant-based foods and beverages,Dairy substitutes,Milk substitutes,Creamer","66.666666666667","0","0","6.6666666666667","0"
"Madeleines","","439","56","4.7","21",""
"Boneless and Skinless Chicken Breast","","114.640469849556","0","22.0462442018378","2.64554930422053","0"
"Pâte feuilletée au beurre","","180","39.8","2.4","1.1",""
"Beef stroganoff","","241.152263374486","3.7037037037037","15.2263374485597","18.1069958847737","0.411522633744856"
"Wild Raw Honey","Breakfasts,Spreads,Sweet spreads,Bee products,Farming products,Sweeteners,Honeys,Raw-honey","329","81.5","0.5","0.5","0.5"
"Triple protein vanille sans édulcorant","","303.333333333333","3.33333333333333","66.6666666666667","2.6666667064031","0.666666676600774"
"Barrinhas pescada panada","","224","20.7999992370605","12.5","9.69999980926514","1.60000002384186"
"Protein pudding","","80","7","12","0.5","1"
"Contry Crisp","","469","58.3","10.2","20.3","6.1"
"Glace vanille","","234","24","4","13.3",""
"Flamiche maroilles chorizo poivrons","Meals,Pizzas pies and quiches,Salted pies,Pies,fr:Flamiches","255","21.2","11.8","14.5",""
"Collagen peptide type 1","","360","","90","",""
"Cioccolata fondente con pezzi di pistacchio","","499","47.8","7.4","30.5",""
"Maisciocchi","","428","40.8","4.8","28.4","0"
"Parpagnacchi al monococco","","425","56","9.9","17",""
"Tablette chocolat au lait aux amandes","","553","49","8","36",""
"Nougat monbana","","410","79","4.4","8",""
"cioppini","","286","51.84","11.02","5.43",""
"Zeste d’orange confite","","314","76","0","0","5"
"Framboos siroop","","10","0.6","0.2","0",""
"Pepsi diete","","0","0","0.028169014084507","0","0"
"jamon","Meats and their products,Meats,Prepared meats,Hams,Cured hams,Dried hams,Spanish meat products,Serrano ham,Raw-cured-ham","290","0.1","31","20",""
"Pasta snack","","105","17","3.2","2.6",""
"Haselnusscreme","Breakfasts,Spreads,Sweet spreads,fr:Pâtes à tartiner","552","57","3.8","34",""
"Pâte à tartiner","","552","55","5","5","5"
"Popcorn Delicio saveur chocolat","Snacks,Popcorn","504","51","7.9","28",""
"Fuet ecológico","Meats and their products,Meat preparations,Meats,Prepared meats,Sausages","320","2.3","31","20.7",""
"GYOZA poulet et legumes","","153","15","6.2","7.3",""
"Croissant au beurre","Snacks,Sweet snacks,Sweet pastries and pies,Viennoiseries,Croissants,Butter croissants","384","39","7.1","20",""
"Pitapan","","459","65","8.9","20","8.9"
"Lomo embuchado","","249","0.5","40.7","9.6",""
"Mes P'tit recettes","","228","1.5","2.1","23","0"
"Sirop d'agave","Sweeteners,Syrups,Simple syrups,Agave syrups","320","80","0","0","0"
"miche blanche","","240","46","8","1",""
"Lomo","","198.5","1.2","38.8","6.8","0"
"Nutty frutty","","378","61.4","14.6","6.3",""
"Capsules menthe poivrée et fenouil","","1.2","0.5","0.25","0.5","0"
"Wellness","","489.4","63.7","0.5","33",""
"Jus de pommes","Beverages and beverages preparations,Plant-based foods and beverages,Beverages,Plant-based beverages,Fruit-based beverages,Juices and nectars,Fruit juices,Non-alcoholic beverages,Unsweetened beverages,Apple juices","48.9","11.4","0.17","0.14","0.23"
"Nut butter erdnuss","","514","51.7","11.6","27.6",""
"Mémé","","7","1.8","0","0",""
"Moutarde nature","","137","15","4.5","5","2.6"
"Cereales","","396","77","8.8","5",""
"Chocolate Extraordinario","","566","42","9","38",""
"Velouté de tomates","","36","6.5","0.9","0.6",""
"Uno anch’io","","486","63","7.5","22","3"
"Chocolat Noir","Snacks,Sweet snacks,Cocoa and its products,Chocolates,Dark chocolates","537","38","7.3","37",""
"Butter Toffees","","467","67","2.8","21",""
"Croissant","Snacks,Sweet snacks,Sweet pastries and pies,Viennoiseries,Croissants,Butter croissants","30","45","8.8","24","2.4"
"Hefe lievito","","392","39","46.5","5.6",""
"Kiraz biber tursusu","Condiments,Groceries","33.6","8","2","0","1.6"
"Pago cerise raisin","","48","11","0","0",""
"Jus d'abricot biologique","Plant-based foods and beverages,Beverages,Plant-based beverages,Fruit-based beverages,Juices and nectars,Fruit nectars,Apricot nectars","48","11.2","0.38","0","0.76"
"Naan Broden","","265","47.3","0.8","4.5",""
"Cool blue","","24","58","0","19",""
"Riz au lait à la vanille","","110","17.9","3.4","2.7",""
"Caviar de poivrons","","172","13.36","2.306","11.68",""
"Vantastic cookies marmor kakao","","487","66","6.8","21",""
"Cookies avoine chia bio","","475","65","8.1","19",""
"Pate a tartiner","Breakfasts,Spreads,Sweet spreads,fr:Pâtes à tartiner","478","45.8","5.73","35.43",""
"Sauce façon ratatouille","","64","6.1","1.2","3.5","1.7"
"Toast","","441","68","10","1.2",""
"Pâte à tartiner chocolat et noisette","Breakfasts,Spreads,Sweet spreads,fr:Pâtes à tartiner,Hazelnut spreads,Chocolate spreads,Cocoa and hazelnuts spreads","494","49","6.4","37","2.8"
"Resain sec","Plant-based foods and beverages,Plant-based foods,Fruits and vegetables based foods,Fruits based foods,Dried products,Dried plant-based foods,Dried fruits,Raisins","311","72","1.9","0.6","5.2"
"Couronne Danoise a la pomme","","316","30","4.2","19.7","0"
"sans sucres ajoutés noisettes et morceaux de chocolat","","494","49","6.4","37","2.8"
"Pate a tartiner","Breakfasts,Spreads,Sweet spreads,fr:Pâtes à tartiner,Hazelnut spreads","494","49","6.4","37","2.8"
"Diablo","","491","54","4.7","36",""
"Tortellini Ricotta Epinard","Plant-based foods and beverages,Plant-based foods,Meals,Pasta dishes,Pastas,Stuffed pastas,Fresh pasta,Tortellini,Fresh pasta stuffed with cheese and vegetables,Tortellini-ricotta-spinach","284","39","10","8.9","2.7"
"Caponata d'aubergines er légumes","","116","11.66","1.66","6.66","5"
"Sugo al grana padana","","104","5.8","3","7","3"
"Mini croissant chocolat et noisette","","380.2","42","6.3","20.3","2.3"
"Confiture","","231","56","0.5","0.5","13"
"Cereal krackers","","477","73","7","15","11"
"Biscuits orange chocolat avoine","Snacks,Sweet snacks,Biscuits and cakes,Biscuits and crackers,Biscuits,Oatmeal-cookies","510","62","5.2","26","3.5"
"Grenade Energie drink Saveur pastèque","","4","0","0.6","0",""
"Skake Repower protein","","56","4.2","6.1","1.4","1.36"
"byond rice cales","","370","70","8.8","5","49"
"Eau de coco","","13","3.5","24","0","0"
"Pâte à tartiner chocolat noisette","Breakfasts,Spreads,Meals,Sweet spreads,Crêpes and galettes,Crêpes,Filled crêpes,fr:Pâtes à tartiner,Hazelnut spreads,Chocolate spreads,Cocoa and hazelnuts spreads","542","54","6.7","32","3.7"
"Pommes pressées","","46","11","0.5","0",""
"Smoothie fraise-banane","Plant-based foods and beverages,Beverages,Plant-based beverages,Smoothies","59","13","0","0",""
"Hedi","","280","60","3.2","24",""
"Gingerbread","","528","57","6","29",""
"Pindakaas","Plant-based foods and beverages,Plant-based foods,Legumes and their products,Spreads,Nuts and their products,Plant-based spreads,Oilseed purees,Legume butters,Nut butters,Peanut butters","603","15.1","23.4","48.1","8.1"
"Tuc intégral","Snacks,Salty snacks,Appetizers,Crackers","409","63","10","12","6.2"
"Beurre de cacahuètes","Plant-based foods and beverages,Plant-based foods,Legumes and their products,Spreads,Plant-based spreads,Oilseed purees,Legume butters,Peanut butters","614","12","24","51","8.2"
"Lima rice drink","","71","11","0.7","2.4","0.5"
"Chewing-gum","","151","62.8","0","0","62.8"
"Infusion fruits rouges 200g","Plant-based foods and beverages,Beverages,Hot beverages,Plant-based beverages,Herbal teas,Fruit teas,Red fruit teas","2","0","0","0","25"
"Manzana","","44","10","0.5","0.5",""
"Rice pot","","98","18","2.4","1.9",""
"COCKTAIL DIP","","526","12","1.6","53","0.5"
"Pago","","43","8.8","0.7","0",""
"gauffretes","","474","68","5.1","19","9.9"
"Sardine à l’huile d’olive vierge extra","","227","0","23","15",""
"Waffer","","120","18","1","5","0"
"Vegetable soup","","276.190476190476","61.9047619047619","9.52380952380952","","9.52380952380952"
"Chicken taste","","784","11","0.5","3.5",""
"Pistache ranch","","666.66666666667","33.333333333333","20","50","10"
"Ketchup","Condiments,Sauces,Tomato sauces,Ketchup","87","18","1.4","0",""
"Sauce dip à la française","Condiments,Sauces,Dips","325","13","1.1","30",""
"Milka chocolate","","558","52","7.2","35","35"
"Mochi pistache","Snacks,Desserts,Sweet snacks,Frozen foods,Biscuits and cakes,Frozen desserts,Pastries,Mochi","253","4","2","5","0.393590513392858"
"Sardines à l'ancienne","","176","0","29","8.8",""
"Pate a tartine","","494","49","6.4","37","2.8"
"Crisp golden brown fruits biscuits","","464","69","5.7","18","2.9"
"Fusion bars","","190","18","2","12","0"
"Mini baguette","Plant-based foods and beverages,Plant-based foods,Cereals and potatoes,Specific products,Cereals and their products,Products for specific diets,Breads,Products without gluten,Gluten-free breads,Baguettes,Mini baguettes,Gluten-free baguettes,Gluten-free mini baguettes","248","46","4.40000009536743","3.70000004768372","7"
"Confiture extra abricot bio","Plant-based foods and beverages,Plant-based foods,Breakfasts,Spreads,Plant-based spreads,Sweet spreads,Fruit and vegetable preserves,Jams,Apricot jams","171","42","0","0","1.3"
"Confiture Extra De Fraise Bio","Plant-based foods and beverages,Plant-based foods,Breakfasts,Spreads,Plant-based spreads,Sweet spreads,Fruit and vegetable preserves,Jams,Berry jams,Strawberry jams","166","41","0","0","1"
"Birnen halbe frucht","Plant-based foods and beverages,Plant-based foods,Fruits and vegetables based foods,Fruits based foods","67","16","0.6","0","1.7"
"Émincés de dinde marinés cuits saveur kebab","Meats and their products,Meat preparations,Meats,Poultries,Turkey and its products,Turkeys","160","0.9","23","7",""
"Knorr curry sauce","","200","6.4","1.1","19","0.5"
"Zumosol","Plant-based foods and beverages,Beverages,Plant-based beverages,Fruit-based beverages,Juices and nectars","43","9.4","0.6","0.1",""
"Pago smoothie","Plant-based foods and beverages,Beverages,Plant-based beverages,Smoothies","56","13","0","0","0"
"Pago smoothie cerise cassis et rose","Plant-based foods and beverages,Beverages,Plant-based beverages,Smoothies","60","14","0","0",""
"Cannelloni saumon et citron","","144","14","8.2","6","0"
"Bonbon au pain d’epices","Snacks,Sweet snacks,Confectioneries,Candies","529","60","6.1","29","1.9"
"Toast krokant","","16","68","10","14",""
"Pindakaas","Plant-based foods and beverages,Plant-based foods,Legumes and their products,Spreads,Plant-based spreads,Oilseed purees,Legume butters,Peanut butters","625","13","22.2","52.2","7.7"
"Pindakaas met stukjes pinda","Plant-based foods and beverages,Plant-based foods,Legumes and their products,Spreads,Plant-based spreads,Oilseed purees,Legume butters,Peanut butters","625","13","22.2","52.2","7.7"
"Honey crunsh","","619","17.8","20.9","50.1","6.9"
"Pinda kaas","","625","13","22.2","52.2","7.7"
"Wafers","","498","71.1","3.7","22","0.6"
"Nusco","","557","57.7","3.2","34.8",""
"Just gum","","175","71","0.5","0.5",""
"Ecuador 71%","Snacks,Sweet snacks,Cocoa and its products,Chocolates,Dark chocolates","569","38","8.6","40",""
"Belgian chocolat vietnam","","412","35","9.4","26",""
"Boulette de soj1 tomate","","142","8.1","15","4.1","6.2"
"Gocciole extra dark","Snacks,Sweet snacks,Biscuits and cakes,Biscuits","202","62.7","7.4","21.7","4.3"
"Sunquick","Beverages","85","21","0","0",""
"Gouffres butter milk","","295","35","8.16","13.1","2.2"
"Croissants","","360","39","7.2","19","1.2"
"Pesto","","256","10","1.25","22","0"
"Petit Sablé Cranberry framboise","Snacks,Sweet snacks,Biscuits and cakes,Biscuits and crackers,Biscuits,Shortbread cookies","428","71","4.7","13","4.2"
"Avena oat crunch","","471","60.5","7.2","20.8","6.4"
"Chewing-gum","","181","70","5","0.7",""
"Thé infusé glacé","","19","4.7","0.5","0.5",""
"Boisson aux fruits tropicaux","Beverages","38","8.9","0.01","0.1","0.2"
"Italian crackers","","426","68","9.9","12.7",""
"Granini pêche et raisin","Beverages","32","7.1","0.5","0.5","0"
"Pasta with napolitain sauce","","188","34.8","0.8","5.5","2.1"
"Pindakaas","Plant-based foods and beverages,Plant-based foods,Legumes and their products,Spreads,Nuts and their products,Plant-based spreads,Oilseed purees,Legume butters,Nut butters,Peanut butters","625","13","22.2","52.2","7.7"
"Grancereale Classico","Snacks,Sweet snacks,Biscuits and cakes,Biscuits","461","61.400001525879","0.69999998807907","18.5",""
"Biscuits aux fruits","Snacks,Sweet snacks,Biscuits and cakes,Biscuits,Fruit biscuits","466","60.4","8","19.7","7.5"
"Jus de fruit","Plant-based foods and beverages,Beverages,Plant-based beverages,Fruit-based beverages,Juices and nectars,Fruit juices","55","13","0.5","0.5",""
"Jus de raisin","","56","14","0.1","0","0.1"
"Glassa Alla Curcuma","","629","34","0.7","0","0"
"Pain au chocolat","Snacks,Sweet snacks,Sweet pastries and pies,Viennoiseries,Chocolate croissant","367","37","7","21","2.3"
"Roc avellanas","","569","43","7.3","39","7.8"
"Tomate ketchup","","119","27.4","1.5","0.2","1.4"
"Hot Dog","","211","1","13","18",""
"Feuilleté pomme/ noix de Pecan","","407","35","5.2","27.1",""
"Tortilla de maïs","Plant-based foods and beverages,Plant-based foods,Cereals and potatoes,Breads,Flatbreads,White breads,Corn flatbreads,Wheat breads,Wheat flatbreads","288","49","9.4","5.4","2.6"
"MAYO","","477","1.6","0.3","51","0"
"Bâtonnets croustillants au chocolat","","486","69","6.2","20",""
"Arôme vanille","","286","71.055","0.043","0.06",""
"Carrot cake","Snacks,Sweet snacks,Biscuits and cakes,Cakes,Carrot cakes","365","41","5.4","20",""
"Biscuit céréales chocolat","","488","61","7.3","23","5.2"
"pago pêche-abricot","","49","11","0","0",""
"Garofalo","","146","28","4.8","0.8",""
"Kimchi Ramen","","400","65","9","12","4"
"Grissin sans gluten","","408","85","3.8","5.7","1.2"
"Chocapic","","385","73.1","8.8","4.6","8"
"Oreliette","","458","67","8.1","16","7"
"Turrón chocolat","Snacks,Sweet snacks,Confectioneries,Festive foods,Christmas foods and drinks,Christmas sweets,Turrón,Chocolate turrón","561","53.4","6.5","35.4","1"
"Organic coconut flour","","440","60.2","16.9","12","19.7"
"Poulain","","358","51","5.3","33","6.3"
"Puree de framboise","","80.4","13.8","1.3","0.27","6"
"Diablo gaufrette sans sucre","Snacks,Sweet snacks,Confectioneries","473","60","5.9","26",""
"Diablo range","","465","65","3","25","25"
"Pesto","","337","4.2","1.1","35","0.5"
"Brocolis sauce Guazamara","Plant-based foods and beverages,Plant-based foods,Fruits and vegetables based foods,Vegetables based foods","62","4.98","1.5","3","5"
"All-brann prebiotic","Plant-based foods and beverages,Plant-based foods,Breakfasts,Cereals and potatoes,Cereals and their products,Breakfast cereals","414","42","15","16","21"
"Bio korma indien légumes","","116","15","3","4.3","2.4"
"Burrito","Sandwiches,Burritos","164","24","5.8","5.2","3.2"
"ACE","","45","10.4","0.2","0",""
"Multi -Active","","237","98","0","0",""
"Veg curry bowl","","43.214285714286","23.607142857143","2.5","1.7857142857143","0.32142857142857"
"Moutard","","113","6","4.2","5.8",""
"Koko original","","27","1.9","0.2","2","0.1"
"Réglisses enrobées de chocolat","","516","57","5.6","29","0"
"Macaron","Snacks,Desserts,Sweet snacks,Biscuits and cakes,Pastries,Macarons","474","49","8.2","27","2.3"
"Bouchées turron chocolat noir","","541","44","8.4","35","8.3"
"Quaker","","457","5","7.7","19","8.7"
"Dark chocolate almond","","576","27","9.1","44.8",""
"Tartinable noisette et amande","","503.9","48.3","14.5","30.1","6.9"
"Cheez doodles","","520","5","10","30","0"
"Pesto epinard feta","","329","3.3","2","34",""
"Barista Oat","","48","6.8","0.3","2.2",""
"Ricola","Snacks,Sweet snacks,Confectioneries,Candies,Hard candies","236","97","0","0",""
"5 fagots de haricots verts extra fins","","17","1.8","1.4","0","2.9"
"Pâtes au jambon","","182","19","9.7","7.3","1.5"
"Vitalis crunchy muesli","","440","68","8.1","14","6.2"
"Corn Pasta","","357","79.3","7.5","2.1","1.8"
"Pan di stelle","","533","53.1","7.3","31.2",""
"Polvoron","","491","64","6.7","23",""
"outrageously orange & chocolate cookies","","485","64.7","5.5","22.1","2.7"
"Pesto basilic","Condiments,Sauces,Pestos,Green pestos","216","2.79","3","21","2.2"
"Mayonnaise vegan","","686","2.5","0","75",""
"Pain brioché","","1159","40.5","6.95","9.12","2.03"
"Lait de coco","Plant-based foods and beverages,Beverages,Plant-based foods,Dairy substitutes,Milk substitutes,Plant-based beverages,Plant-based milk alternatives,Plant-based creams,Plant-based creams for cooking,Coconut milks and creams","220","3.4","1.7","22","0.5"
"Morning cofee","","466.2","72.3","7.8","16.2",""
"Orange confite","Plant-based foods and beverages,Plant-based foods,Fruits and vegetables based foods,Snacks,Fruits based foods,Fruits,Citrus,Oranges","314","76","0","0","5"
"Petits gâteaux fraise","","430","56","4.7","21","0"
"Confiture de coing","Plant-based foods and beverages,Plant-based foods,Breakfasts,Spreads,Plant-based spreads,Sweet spreads,Fruit and vegetable preserves,Jams,Quince jams","239","57","7","0",""
"Gelé passion","","392","90","5.4","0",""
"Mayo Vegan Chili","","634","3.8","0.1","68.5",""
"Mayo Vegan NB","","644","3","0.8","70","0.004"
"Pizza dinde bœuf salamis","Meals,Pizzas pies and quiches,Pizzas","231","29","9.3","8.3",""
"Guimauves à la vanille","Snacks,Sweet snacks,Confectioneries,Candies,Marshmallows","325","79","2","0.5",""
"Sunquick","","326","76","1","0",""
"Lait de coco","Plant-based foods and beverages,Beverages,Plant-based foods,Dairy substitutes,Milk substitutes,Plant-based beverages,Plant-based milk alternatives,Plant-based creams,Plant-based creams for cooking,Coconut milks and creams","114","1.3","0.6","12",""
"Noix du Brésil","Plant-based foods and beverages,Plant-based foods,Nuts and their products,Nuts,Brazil nuts","707","4.1","17","68",""
"Dattes dénoyautées","Plant-based foods and beverages,Plant-based foods,Fruits and vegetables based foods,Fruits based foods,Fruits,Dates,Pitted dates","290","65","1.9","0.5","8.7"
"La ve","","61","66.2","6.2","22.8",""
"Fix to Zero","","344","76.8","3.69","2.44","0.54"
"Fruit rolls","","280","63","1.9","0","10"
"Dumle Oat Drink","Beverages and beverages preparations,Plant-based foods and beverages,Beverages,Plant-based foods,Cereals and potatoes,Dairy substitutes,Cereals and their products,Milk substitutes,Plant-based beverages,Plant-based milk alternatives,Cereal-based drinks,Oat-based drinks,Cocoa oat-based drinks","73","12","1.4","1.7","1.3"
"Oat drink","","73","12","1.4","1.7","1.3"
"BBQ-Brötchen","","278","47.6","7.4","6.1",""
"Crunchy","","196","64.3","8.7","18.1","6.4"
"Magnesium Tea SLEEP","","1","0.5","0","0","0"
"Coconut","","25.3","1.9","0.2","2","0.1"
"Tartelettes cacao","","482","60.6","7.1","22.9","2.5"
"Dal licious","","56","6.3","4.1","0.7",""
"Curry vert thai","","100","9","3","5.8","2.3"
"Chewing-gum pastèque","","159","64.3","0","0",""
"Cookies au chocolat","Snacks,Sweet snacks,Biscuits and cakes,Biscuits,Chocolate biscuits,Drop cookies,Chocolate chip cookies","488","64","6.7","22","3.4"
"Fruit tropicale","","326","76","1","0",""
"Coeur de celeri","","13","1","0.8","0.2","1.9"
"HVIDLØG I CHILIOLIE","","296","2.6","3.4","29","0"
"ToffeeCups","","470","68","1.01","20",""
"Fiber skorper","","420","62","12","12","8"
"Bouillon méditerranéen","","2.9","0.5","0.1","0.04",""
"Frangipane","","435","70.7","8.4","12.5","3.4"
"Biscottes sans gluten","","393","76","3.9","6.3","8.1"
"Pernigotti Cremino","","531","52","10","31",""
"Gianduia Nero","","528","50","6.5","32",""
"COCOA SELECTION","","600","40","5.6","45","5"
"Compote allégée pomme","Plant-based foods and beverages,Plant-based foods,Fruits and vegetables based foods,Desserts,Fruits based foods,Compotes,Apple compotes","72","15.5","0.5","0.6",""
"Glace veganes aux noix de cajou et caramel","","311","30","1.7","20","2.2"
"Creme","","321","55","7.5","8",""
"Arance amare bio","","162","40","0.5","0.5",""
"Purée cacahuete crunchy","Plant-based foods and beverages,Plant-based foods,Legumes and their products,Spreads,Plant-based spreads,Oilseed purees,Legume butters,Peanut butters","608","11.4","25.7","49.4","7.5"
"Chocolat noir","","503","22","11","44","6.2"
"Fruchtaufstrich Himbeere","Plant-based foods and beverages,Plant-based foods,Breakfasts,Spreads,Plant-based spreads,Sweet spreads,Fruit and vegetable preserves,Jams,Berry jams,Raspberry jams","850","49","0.6","0.6","1.72"
"Gâteaux sans gluten","","407","68","4.7","12","4.2"
"Figue","","250","55","3.5","1.3","12.9"
"Tartines craquantes seigle","Plant-based foods and beverages,Plant-based foods,Snacks,Cereals and potatoes,Extruded crispbreads","354","74.2","8.7","0.5","9.8"
"Krave","","480","69","7","19","2.3"
"Bonbons gouts thé glacé","","238","97","0.1","0.1",""
"chewing gum menthe","","178","70","0.4","0.6",""
"Chipolatas","Meats and their products,Meats,Prepared meats,Sausages,French sausages,Chipolatas","225","0.6","15.5","17.8","0"
"Good day","","506","70","7","22",""
"Bit break","","453","69","8.7","15","3.7"
"Nuggets vegetales","","212","15.7","10.5","10","5"
"Yum yum dragées","","477","56.3","11.8","22.7",""
"Crema de cacao","","549","51","4","35.3",""
"Chewing-gum","Snacks,Sweet snacks,Confectioneries,Chewing gum","149","62","0","0","0"
"Teddy Pasta","Plant-based foods and beverages,Plant-based foods,Pastas","336","71.9","5.53","0.46","11.02"
"Dumle","","73","11","1.4","1.7","1.3"
"Sauce cesar salad","","14.3","1.03","1.13","0.5","1.8"
"Sundried tomato and Basil Flavour sauce","","230","10","0.5","21",""
"Kecup","","87","18","1.4","0.5","0"
"Mazarella panees","Dairies,Fermented foods,Fermented milk products,Cheeses","318","25","12.1","18.5","1.4"
"Confiture fruits de bois","","156","36","0","0","2.78"
"Chili Ketchup","Condiments,Sauces,Tomato sauces,Ketchup","68","12","2.4","0.4",""
"Crunchy","","464","63.4","7.8","18.5","6.2"
"Special cooki","","491","59","4.2","26","3.4"
"Bol quinoa pommes légume curry","","116","15","2.8","4.5","0"
"Sandwichcreme","","449","6","0.5","47",""
"Mini roulés au abricot","","303","65","4.2","2.7",""
"Roc avellanas","","569","43","7.3","39","7.8"
"Salt chocolat","","522","46","6","34.9","7.8"
"M&m’s cookie mix","","398","76","6.2","6.8",""
"Heinz Street Food","","93","19","1.4","0.5",""
"John West Tonijn twist","","110","0","26","0.5","0"
"Ohne Palmöl Vegan","Breakfasts,Spreads,Sweet spreads,fr:Pâtes à tartiner,Chocolate spreads","563","40","7.4","39","11"
"So vegan so fine","Breakfasts,Spreads,Sweet spreads,fr:Pâtes à tartiner,Chocolate spreads","562","55","2.8","36","3.5"
"Nusco","","573","46","3.9","37",""
"Pâte à tartine blanche à la noix de coco","","559","58","3.5","34","3.5"
"La vida vegan","","574","53","3.7","38","2.6"
"Pâte à tartiner au chocolat blanc","","575","59","3.8","36","0"
"Saucisse vegan","","307","2.4","16","24",""
"Tablette chocolat","","550","54","8.3","33",""
"Datteln","","306","69","2.4","0.3",""
"Cornichon russka","Plant-based foods and beverages,Plant-based foods,Fruits and vegetables based foods,Canned foods,Vegetables based foods,Canned plant-based foods,Pickles,Canned vegetables,Plant-based pickles,Pickled vegetables,Pickled cucumbers,Gherkins","8","0.1","0.8","0.5",""
"Beurre de cacahuètes","Plant-based foods and beverages,Plant-based foods,Legumes and their products,Spreads,Nuts and their products,Plant-based spreads,Oilseed purees,Legume butters,Nut butters,Peanut butters","660","11","23","57","6.3"
"Gianduja noir-schokolade","","575","42","8","41","4.7"
"Sirop de dattes","Sweeteners,Syrups,Simple syrups,Fruit-syrups,Date syrups","301","71","2.7","0","6"
"JABLKO","","43","10","0.3","0.5","0.5"
"Crème de mangue bio","","287","20","11","23",""
"Pépites de figue","Plant-based foods and beverages,Plant-based foods,Fruits and vegetables based foods,Fruits based foods,Dried products,Dried plant-based foods,Dried fruits,Dried figs","333","78","2.1","0.7","8"
"Sauce peperonata","","57","5.5","5.5","2.3","1"
"Mini macaron amandes","Snacks,Desserts,Sweet snacks,Biscuits and cakes,Pastries,Macarons","396","40","11","21",""
"Petit Luc","","422","58","5.9","19","1.7"
"Otto","","110","18","6","2","3"
"Knusprige Tortilla chips bbq","","474","60","7.6","21","5.9"
"Mayonnaise fine de caractère","Condiments,Sauces,Mayonnaises","416","12","1.1","4",""
"Lait de coco","Plant-based foods and beverages,Beverages,Plant-based foods,Dairy substitutes,Milk substitutes,Plant-based beverages,Plant-based milk alternatives,Plant-based creams,Plant-based creams for cooking,Coconut milks and creams","177","3","1.8","18",""
"Poulet Chicken","","249","19.4","9.8","14.7",""
"Gunnies multi vitamines","","0","0","0","0","0"
"Creamy Pumpkin Soup","","34.358974358974","4.2051282051282","0.87179487179487","1.6923076923077",""
"Céréales P'Tit carré Cacao & Noisettes","Plant-based foods and beverages,Plant-based foods,Breakfasts,Cereals and potatoes,Cereals and their products,Breakfast cereals,Extruded cereals,Filled cereals,Breakfast cereals filled with chocolate-hazelnuts","438","67","6.5","15","4.5"
"Peanut  Better","Plant-based foods and beverages,Plant-based foods,Legumes and their products,Spreads,Plant-based spreads,Oilseed purees,Legume butters,Peanut butters","643","13","25","53","6.8"
"Manteiga de Amendoim com pedaços","Plant-based foods and beverages,Plant-based foods,Legumes and their products,Spreads,Plant-based spreads,Oilseed purees,Legume butters,Peanut butters","614","13.8","25.6","49",""
"Protein-6 Cookies & Cream","","398","8","80","6","1"
"Granini","","24","5.7","0.5","0.5",""
"Tropical curcuma","","24","5.4","0.5","0.5",""
"Hohes C","","46","10","0.5","0.5",""
"Pot de crème","","190","15","3","14","0.5"
"Ananas pelés en morceaux déshydraté","","280","58","2","5","3"
"Fantaisie de truffes","","614","38.8","4.2","47.8",""
"Avocat et citron","","232","9.6","0.5","21",""
"Profiterol","","204","27.78","4.74","8.18",""
"Super protein","","387","2.4","81","5","4"
"Croissant vegan","Snacks,Sweet snacks,Sweet pastries and pies,Viennoiseries,Croissants","365","48.2","7.9","19.5","1.2"
"Bio nature ptit dej","","457","59","8.4","19","8.1"
"Cubi","","511","64.4","6.1","24.8",""
"Jus de raisin blanc","Plant-based foods and beverages,Beverages,Plant-based beverages,Fruit-based beverages,Juices and nectars,Fruit juices,Grape juices","46.5","11.5","0","0",""
"Crunchies","Snacks,Sweet snacks,Biscuits and cakes,Biscuits","501","66","4.9","24","25"
"Jus cerise raisin","Plant-based foods and beverages,Beverages,Plant-based beverages,Fruit-based beverages,Juices and nectars,Fruit juices","48","11","0","0",""
"Pompelmo","","41","8","0.6","0.5",""
"Nectar Abricot","","60","14","0.5","0.5",""
"Fuztea","","1","0.1","0","0",""
"Snowballs créma lapte","Snacks,Sweet snacks,Confectioneries","572","52","6.8","37","1.2"
"100% free","","49","11.8","0.1","0.1","0.2"
"P’tit carré","","438","67","6.5","15","4.5"
"Crabe chair et pattes","Seafood,Crustaceans,Crab","70","2","12","1",""
"Pure part barista","","59","9.9","1.1","1.6","0.5"
"Confiture","","198","48","0.5","0","2.4"
"Cavatappi","","350","71","12","1.2","3.5"
"Soy Whip","","150","12","1.3","11",""
"Bon&bon","","457","62.6","6.1","19.4","3.8"
"Tagliatelles proteinees","","349","15.6","47.6","6.8","17.1"
"Avocado lime flavour sauce","Condiments,Sauces","232","9.6","0.5","21",""
"Boisson chocolatée végétale à l'avoine","Plant-based foods and beverages,Beverages,Plant-based foods","96","12","2.3","2.5","1.6"
"Mentos Fruity Fresh","","143","56","0.3","1.1","0.8"
"UP2U","","127","63","0.1","0.2","0.4"
"Granini","","24","5.4","0.5","0.5",""
"Piparkakku granola","","428","62","9.4","14","8.1"
"Pâté de foie supérieur","Meats and their products,Prepared meats,fr:Charcuteries diverses,Pâté,Liver Pâtés","305","2.9","13.6","26.6",""
"Mini cookies","Snacks,Sweet snacks,Biscuits and cakes,Biscuits,Drop cookies","503","62","5.9","25","3"
"Pâte a tartiner","","546","58","4.7","32",""
"cheesecake","","394","28","4.9","29",""
"Noccila","","591","43.98","6.78","42.98","3.78"
"Tablette chocolat","","491","44","9.9","34","9.3"
"Moutardes classique","Condiments,Sauces,Mustards","124","11","4.9","5.5",""
"High proten","","110","17","6","1.4","2.9"
"Aronia biologica","","277","54","2.4","1.5","19"
"Chips de banane","Plant-based foods and beverages,Plant-based foods,Fruits and vegetables based foods,Snacks,Salty snacks,Appetizers,Fruits based foods,Dried products,Dried plant-based foods,Dried fruits,Dried bananas","514","63","1.6","32","0"
"Kombucha","Beverages and beverages preparations,Beverages,Fermented foods,Fermented drinks,Tea-based beverages,Kombuchas","2","0.2","0","0",""
"Sweet Chili","Condiments,Sauces,Hot sauces","106","25","0.5","0","0"
"Protein müsli","Plant-based foods and beverages,Plant-based foods,Breakfasts,Cereals and potatoes,Cereals and their products,Breakfast cereals,Mueslis","441","27","27","22","15"
"Pate a tartiner","","546","58","4.7","32",""
"Chips tomate paprika","Snacks,Salty snacks,Appetizers,Chips and fries,Crisps","478","62","2.3","21","7.7"
"Chips","","478","62","0.186","21","1.3"
"Tartinable végan bio","","343.7","8.4","5.5","31","6.8"
"Pago juice pêche abricot Bio","","49.5","11","0","0",""
"Mix epice légumes","","151","30","3","0.6","6.8"
"Arance orange","Plant-based foods and beverages,Plant-based foods","184","46","0","0","1"
"Epautre cuit bio","","118","21.1","4.4","0.7","5.8"
"Vita Vate","","4","0.9","0","0","0"
"Jaffa milk chocolate","Snacks,Sweet snacks,Biscuits and cakes,Jaffa cakes","372","68","4.7","8.9",""
"Crisp rye","","332","56","12","2.6","22"
"Popcorn fromage","","461","53","8.25","24","2.5"
"PopShow Corn","","446","47","8.2","23",""
"Lait soja vanille","","51","5.9","3","1.7","5"
"Mousse de coliflor con queso","","112.5","4.1","3.6","8.5",""
"Pate à tartiner bounty","","588","55","2.8","40",""
"Pâte à tartiner m&m's crispy","","558","55","4.7","35",""
"Compote mangue","","79","15","0.6","0","1.6"
"Creme coco","","237","2.8","2.5","24",""
"Honduras","","1","0.2","0.3","0.1",""
"Riz complet bio","Plant-based foods and beverages,Plant-based foods,Cereals and potatoes,Seeds,Cereals and their products,Cereal grains,Rices,Brown rices,Cooked brown rices","196","34","3.39","4.49","2.89"
"Ratatouille de légumes","","55","8.2","1.2","1.6","1.5"
"Ensalada Veggie","","151","21","4.9","4","5.7"
"Små hjärtan","","454","72.2","5.2","15.7",""
"Biscuits Avoine menthe","Snacks,Sweet snacks,Biscuits and cakes,Biscuits and crackers,Biscuits,Oatmeal-cookies","509","61.1","5.1","26.2",""
"PAPRIKA SUPPE GERAUCHERT","","44","7","0.9","1.5",""
"Sos Slodki Chili","","170","41.6","0.7","0.1",""
"Chocolat","","553","44","9.5","36","7.4"
"Ciocco magia","","381","56","5.7","14",""
"Crema con aceto balsamico di modena IGP e basilico","","125","25.8","0.69","0.6","0.5"
"Céréales Nougat","","467","65","5.6","19.5","4.6"
"Terrine de campagne","Meats and their products,Prepared meats,Terrines,Country terrines","313","2.6","15","27",""
"M&M'S chocolate","","481","71","0.1","19",""
"Mendiant chocolat noir","","552","40.5","7.1","37.7",""
"Tofu au curry vert","","159","18.8","3.2","9.1",""
"Tofu au curry rouge","","159","18.8","3.2","9.1",""
"Tofu au curry rouge","","159","18.8","3.2","9.1",""
"Nocciolata sans lait","","545","55","5.4","33","4.8"
"Nocciolata bianca","","545","46","14.5","33","2.8"
"Nocciolata","Breakfasts,Spreads,Sweet spreads,fr:Pâtes à tartiner,Hazelnut spreads,Chocolate spreads,Cocoa and hazelnuts spreads","544","54","8.1","32","3.6"
"Melange de protéines vegetales","","385","8.3","69","7.3","6.8"
"Jus orange et carotte","Plant-based foods and beverages,Beverages,Plant-based beverages,Juices and nectars,Fruit and vegetable juices","35","7.3","0.5","0.5","1.1234"
"Pago pêche","","48","11","0.5","0.5",""
"Granini","","35","7.3","0.5","0.5",""
"Jus d’orange et Carotte","Plant-based foods and beverages,Beverages,Plant-based beverages,Fruit-based beverages,Juices and nectars,Fruit juices,Fruit juices from concentrate,Multifruit juices,Multifruit juices from concentrate","35","7.3","0.5","0.5","1.1234"
"Jus orange et carotte","","145","7.3","0.5","0.5","0.5"
"Biscuits framboise graines de chia","","441","67","8.2","14","7.1"
"M&M’s","","516","58","10","26","0"
"Hazelnut chocolate spread","","587","44.9","7.1","41.1","4.2"
"Coco Light Syrup","Sweeteners,Sugars,Coconut sugar","312","78","0","0.8","0"
"Pate a tartiner noisettes et cacao","Breakfasts,Spreads,Sweet spreads,fr:Pâtes à tartiner,Hazelnut spreads,Chocolate spreads,Cocoa and hazelnuts spreads","555","58","3.8","34","2.1"
"Lait d'avoine","","46","6.6","0.8","1.5","1.4"
"Bauli","","470","42","4.2","29","3.6"
"Mustard clasic","","101","5.7","3.5","5.6",""
"Sirius","","536","46","6.5","35",""
"Belvita barré céréales canneberges noisettes","","421","60","5.5","16","7.1"
"Tortillas oignons","","14","14","1.5","11","2.2"
"Moyo classic","","691","2.7","0.9","75","0.1"
"Tomate à l'huile séchees","Plant-based foods and beverages,Plant-based foods,Fruits and vegetables based foods,Vegetables based foods,Dried products,Dried plant-based foods,Tomatoes and their products,Dried vegetables,Dried tomatoes","204","8.3","3.5","16","1.2"
"Tuc crisp","","446","67","5.7","16","6.2"
"Bio steel","","0","0","0","0","0"
"Beam barre céréale graines myrtillt citron","","388","52","9.3","13","13"
"Moutarde","Condiments,Sauces,Mustards","109","10.6","5.4","4.7",""
"Heinz hot chili ketchup","Condiments,Sauces,Tomato sauces,Ketchup","107","23.3","1.2","0.1",""
"Hot chili Sauce","","117","27","1.2","0.1","0"
"Vegan tapioca","","180","30","0.3","0.3","39"
"Daar zit je","","498","59.3","5.1","26.3","1.7"
"Barre céréales chocolat noisette","","416","60","5.7","16","7.4"
"Oreo strawberry cheesecake","Snacks,Sweet snacks,Biscuits and cakes,Biscuits and crackers,Biscuits,Filled biscuits","478","68","5.1","20","3"
"Grassin","","398","70","10","7.8","3.8"
"Original Steak Sauce","","101","23","1.3","0.5",""
"Mélange d'épices pour poulet aux champignons","","321","55","8.2","5.1","11"
"Pâte tandoori","","651","3.4","1","70",""
"Galettes de quinoa et de légumes","fr:galette-de-quinoa-et-legumes","244","17","8","15","4.6"
"Extra professionnel","","614","61","0","0",""
"Pago goût cerise raisins","","48","11","0","0",""
"Wimbar","","328","47","24","3.6","6.2"
"Slice Green Jalapeno In Brine","","100","6.6","0","0.5","6.6"
"Creme a la fraise","","237","57","2.6","0",""
"Röstis aux lardons","Plant-based foods and beverages,Plant-based foods,Cereals and potatoes,Potato preparations,Rostis,Frozen potato rostis","204","20","3.2","12","1.5"
"Ketchup","Condiments,Sauces,Tomato sauces,Ketchup","94","22","1.2","0.1",""
"porridge choco banane","","102","16.7","1.3","2.9",""
"Galette pomme morceaux congelée","","314","33","3.9","18","1.8"
"Champignons","","54","0.7","3","3.6","3.2"
"Limonade organique","","75.76482","16.8","1","1",""
"Burger sauce onions","","314","11.3","1.5","28.7","1"
"Dragées chocolat d assorties","Snacks,Sweet snacks,Confectioneries,Dragées","467","79","4.7","13",""
"Ratatouille de légumes","","55","8.2","1.2","1.6","1.5"
"Jalapeno","","26","5.2","0.4","0","0"
"Pâtes tricolores gigli tricolori","","360","73","12","1.7","2.5"
"Biciclette tricolori","Plant-based foods and beverages,Plant-based foods,Pastas,Dry pastas","360","73","2.5","1.7","2.5"
"Crunchy","Plant-based foods and beverages,Plant-based foods,Legumes and their products,Spreads,Plant-based spreads,Oilseed purees,Legume butters,Peanut butters","635","12","24","53","6.8"
"Pistaches en poudre","Plant-based foods and beverages,Plant-based foods,Nuts and their products,Nuts,Pistachios","631","8.1","18","56","11"
"Huile 5 graines","","828","0","0","92",""
"Tisane glacée pétillante, parfum pêche & miel","","23","4.7","0","0",""
"Infusion aux fruits rouges","","4","0.5","0.5","0.1","0.5"
"Infusion mint citrus","","4","0.5","0.5","0","0"
"Pâte a tartiner milka","","555","58","2.1","34","0.3"
"Myrtilles surgelées","Plant-based foods and beverages,Plant-based foods,Fruits and vegetables based foods,Frozen foods,Fruits based foods,Frozen plant-based foods,Fruits,Berries,Frozen fruits,Blueberries,Frozen berries,Frozen blueberries","0.64","15.9","0.64","0.5","3.4"
"Tisane soluble camomille et vitamine D","Plant-based foods and beverages,Beverages,Hot beverages,Plant-based beverages,Herbal teas","389","100","0","0","0"
"Antesite concentré naturel","","275","63.3","1.1","1",""
"Cerneaux de noix","","689","7.01","15.23","65.21",""
"Old Kopbucha","","18","4.5","0","0","0"
"Deliciosa alternative al chocolate con leche","","541","47","8.2","34",""
"Tubetti 100% farina di lenticchie","","325","48","25.8","0.3","13.6"
"Pate de citron bio","","276","68","0.3","0",""
"Pâte à tartiner chocolat cacahouète","Breakfasts,Spreads,Sweet spreads,fr:Pâtes à tartiner,Chocolate spreads","542","27.1","17","39.9",""
"Mayonnaise","","697","0.5","1.5","76","0.8"
"Velouté de 10 légumes","","43","5.2","0.7","1.9","0.8"
"Barre proteine","","384","29","30","19","7.7"
"Karaléa Bio","","520","54","7.6","29","6.1"
"Croissants 65G c10","Snacks,Sweet snacks,Sweet pastries and pies,Viennoiseries,Croissants","379","44.42","7.47","18.92","2.21"
"Biscuits cacao","","451","63","6.3","18","5.9"
"Boisson a l’aloe vera bioalo","","30","7","0","0.1","0.4"
"Freia","","555","58","3.8","34","2.1"
"Ananas pelés","","280","58","2","5","3"
"sweet ans spicy","","12","24","2.7","0.4","1.1"
"Thai style green curry egg noodles","","94","17","2.9","1.3",""
"Sauce Aigre Douce","Condiments,Sauces,Sweet and sour sauces","139","33","0.4","0",""
"Pulpe de tomate concassées","Plant-based foods and beverages,Plant-based foods,Fruits and vegetables based foods,Vegetables based foods,Tomatoes and their products,Tomato pulps","25","3.7","1.5","0.2",""
"Marie","","259","23","9.4","14","1.7"
"N*1 barbecue sauce","","20","4.6","0","0","0.7"
"Pizza Mozzarella","Meals,Pizzas pies and quiches,Pizzas","251","23","10","13","1.6"
"Confiture fraise","","46","12.5","0.5","0.1",""
"Riz chataigne","","66","14","0.5","1","0.6"
"Croissants","Snacks,Sweet snacks,Sweet pastries and pies,Viennoiseries,Croissants","358","52.1","8.2","18.2","1.4"
"Resse's","","500","57.14","11.9","28.57","4.76"
"Pago  bio orange carotte citron","","40","8.7","0","0",""
"Pure via","","300","75","0","0","0"
"Barre","","374","29","30","18","7.9"
"Sel rose de l'Himalaya granules","","0","0","0","0","0"
"Macarons citron","","406","58","6.6","16","0"
"Big noodle soup beef taste","","68","12.6","2.9","0.5","1.1"
"Oreo brownie","","554","51","6","35","4.5"
"Haricots verts carottes & thym","Plant-based foods and beverages,Plant-based foods,Fruits and vegetables based foods,Legumes and their products,Canned foods,Legumes,Vegetables based foods,Canned plant-based foods,Vegetables,Canned vegetables,Green beans,Canned legumes,Canned green beans","13.623327","2.2","0.6","0","1.2"
"Pomodori secchi","Plant-based foods and beverages,Plant-based foods,Fruits and vegetables based foods,Vegetables based foods,Dried products,Dried plant-based foods,Tomatoes and their products,Dried vegetables,Dried tomatoes","222","18.1","5","13.2","1.2"
"Sshweppes pink","","19","4.3","0","0","0"
"Bio Energy Drink","","385","94","0","0",""
"Flavien cake mix","","366","89","0.4","0.5","1.3"
"iced cappuccino classic","","392","74","7.5","6.9","0"
"Jus de fruit","","43","8.8","0.7","0",""
"Pago","","43","8.8","0.7","0",""
"Pomme pressées","","46","11","0.5","0",""
"Orange drink","","17","4.29","1","0","1"
"mjölk choklad XL cookies","","510","60","5.3","27","1.8"
"Confiture","","46","12.5","0.5","0.1",""
"Crêpes surgelées","","240","28","4","8","1.3"
"Moutarde fine de dijon","Condiments,Sauces,Mustards,Dijon mustards","150","3.5","7","11","0.5"
"Mangue séchée","","319","71","3.1","0.63","9"
"Tomate triturado","","18","3.1","0.7","0.1",""
"Ananas","","51","12","0","0","0"
"Gummy Sandwich","","333","76","6","0",""
"Pâte à tartiner","","568","60","2.1","35","2.3"
"Ice cream sticks Vanilla","Desserts,Frozen foods,Frozen desserts,Ice creams and sorbets,Ice creams,Ice cream bars,Vanilla-ice-cream-bars","124","10","12","5.2",""
"Sauce piment doux","","190","47","1","0",""
"Sweet & Hot chili sauce","","190","46","1.5","0",""
"Infusion","Plant-based foods and beverages,Beverages,Hot beverages,Plant-based beverages,Herbal teas","4","0.5","0","0.5","0"
"Herbs of the world","","4","0.5","0.5","0","0.5"
"Sjokonøtt","","555","58","3.8","34","2.1"
"Fettuccine","","369","66","15","4.4","1.8"
"CRUNCHY PLUS MYSLI/MÜSLI Multifruit","","450","64","9.1","16","6.7"
"Vanillin-scker","","391","98","0","0",""
"Huile d avocat","Plant-based foods and beverages,Plant-based foods,Fats,Vegetable fats,Vegetable oils,Fruit and fruit seed oils,Avocado oils","797","0","0","90.6","0.6"
"Beer Battered Hadlock Fillets","","192","12.4","11.7","10.3","1.07"
"BlackBerry fruit spread","","250","60","0","0",""
"Digestive malto d’orzo","","450","64.7","7","16.7","6.6"
"Sauce garlic","","371","11","1.9","35","2.7"
"Terrine De Jambon GUYADER","","248","1.8","16","20",""
"Muesli croustillant aux fruits","Plant-based foods and beverages,Plant-based foods,Breakfasts,Cereals and potatoes,Cereals and their products,Breakfast cereals,Cereals with fruits,Mueslis,Crunchy mueslis,Mueslis with fruits,Crunchy mueslis with fruits","450","64","9.1","16","6.7"
"Sauce Kimchi","","124","27","13","0.7",""
"Sos maioneza vegan","","615","6.8","0.3","65",""
"Duck tasse","","81","11","1.8","3.4","0.5"
"Purée pommes de terre","Plant-based foods and beverages,Plant-based foods,Cereals and potatoes,Purées,Potato preparations,Mashed potatoes","72","11","2.2","1.6","1.2"
"The original Coffee drink","","36","8.8","0","0","0"
"Cedrata","","48","12","0","0","0"
"Gingerlime","","40","10","0","0","0"
"Sauce végétal fromage","","107","4.3","0.7","9.7","0"
"Artichauts","","121","1.1","1.7","11","6.1"
"John west groen curry","","146","6.6","14","6.8",""
"Sucre","","396","98.1","0.5","0",""
"Guylain","","546","50","8.8","34",""
"Italian sauce","","58","9.6","1.6","1",""
"chocolat","","524","59","9.8","26",""
"Honning honung","","340","83","0","0","0"
"Point Regale crema","","1","0.3","0.2","0",""
"Alie vera drink","","33","8.1","0","0","0"
"Vinaigrette","Condiments,Sauces,Salad dressings,Vinaigrettes","50","11","0.5","0.5",""
"Sauce soja bio","","87","6.1","11","0.5",""
"Ketchup","Condiments,Sauces,Tomato sauces,Ketchup","96","21","2.3","0.34",""
"Ketchup bio","Condiments,Sauces,Tomato sauces,Ketchup","84","16.2","1.8","0.2",""
"Original ketchup","Condiments,Sauces,Tomato sauces,Ketchup","84","16.2","1.8","0.2","0"
"Sauce pomme frite","","481","3.8","0.7","51.1",""
"Mayonnaise bio","","4","8","0","0","0"
"Confiture abricot","","250","60","0","0",""
"Sour cream onion","","600","11.4","25.6","50","9"
"Oma's Tuin","Plant-based foods and beverages,Plant-based foods,Breakfasts,Spreads,Plant-based spreads,Sweet spreads,Fruit and vegetable preserves,Jams","199","46","0.4","0.3","2.8"
"Arizona peach","","20","4.9","0","0","0"
"Barre protéine coco","","383","29","30","19","7.3"
"Barre vanille","","374","29","30","18","7.9"
"Xylitol","","240","100","0","0",""
"Caramelo spongies","","466.66666666667","70","8.4444444444444","16","1"
"Les palets de la mère Poulard","","491","66.2","6.2","22.8",""
"Sugo cacio e pepe","it:sugo-cacio-e-pepe","172","2.8","5.4","15.3",""
"Curry ketchup","","105","19","2.7","0",""
"Abricots secs","Plant-based foods and beverages,Plant-based foods,Fruits and vegetables based foods,Fruits based foods,Dried products,Dried plant-based foods,Dried fruits,Dried apricots","274","48","5","0.5",""
"Vasluianca","Plant-based foods and beverages,Plant-based foods,Breakfasts,Spreads,Plant-based spreads,Sweet spreads,Fruit and vegetable preserves,Jams","282.72","70","0.329","0.034","0.441"
"N.A! les dips petit pois menthe","","106","7.8","4","5.4","5.3"
"Aubergines france cuisinées","","46","5.3","1.1","1.7","2.3"
"Marie Brizard sirop Grenadine","","326","81","0.5","0.5",""
"Black tea forest fruit","","1","0","0.1","0","0"
"Chamallows","Snacks,Sweet snacks,Confectioneries,Candies,Marshmallows","333","80","3.5","0.5",""
"moutarde à l'ancienne","","141","1.9","7","9.5","0"
"Beurre de cacahuètes","Plant-based foods and beverages,Plant-based foods,Legumes and their products,Spreads,Plant-based spreads,Oilseed purees,Legume butters,Peanut butters","643","7.4","27.7","54.3","6.7"
"GOURMET HUMMUS","Plant-based foods and beverages,Plant-based foods,Condiments,Spreads,Plant-based spreads,Salted spreads,Sauces,Dips,Hummus","200","10","6","16",""
"Kriti gold","","8.75","2.25","0","0",""
"Yellow mustard","Condiments,Sauces,Mustards,Yellow mustards","120","9.4","5.6","5.2",""
"Oyster Flavoured Sauce","","82","18.7","1.4","0",""
"Barre de chocolat orange Mondelēz international","Snacks,Sweet snacks,Cocoa and its products,Confectioneries,Chocolate candies","544","61","2.9","32","1.2"
"Bio Apfel Bananaaa","","17","3.9","0.5","0.5",""
"Barres protéinées chocolat blanc cacahuètes","Dietary supplements,Bodybuilding supplements,Protein bars","403","32","33","20","4.1"
"Arizona","","20","4.9","0","0",""
"Boisson énergétique à la pêche","","2","0","0","0","0"
"Crunchy peanut butter","","560","52","7.3","19","53"
"Écrasé pois cassés et châtaignes","","115","12","5","4",""
"Chicken soup","","20","3.9","0.5","0.5","0"
"Gnocchi","","147","33","3.3","0.2",""
"Rice drink","","52","10.5","0.2","1","0.3"
"Petite crêpe dentelle de Bretagne","","505","67","5.5","23","3.8"
"Sandia","","696","0","0","0","68"
"Kuku Ruku Crackers","Crackers","497","63","9.6","22",""
"Jelly mint","","250","65","0","0",""
"Chocolat","","559","51.9","7.4","35","3.3"
"Geflügelsalami","","266","0.5","21","20","0.5"
"Noix","","525","5","10.6","51.5","5.2"
"Potato Gnocchi with Basil Pesto","","162","34.5","4.1","0.55","2.4"
"Sauce crudités","","262","5.9","0.6","26",""
"Chocolaté Assortment","Snacks,Sweet snacks,Cocoa and its products,Confectioneries,Chocolate candies,Bonbons","482","67","3.2","22",""
"Take Away","","503","65","8","23","2"
"Farine de coco","Plant-based foods and beverages,Plant-based foods,Fruits and vegetables based foods,Fruits based foods,Dried products,Dried plant-based foods,Dried fruits,Dried coconut,Dried coconut flour","356","22.4","21.4","12.7","33.1"
"Jus de myrtille","","48","12","0","0",""
"Mochi bubble milk tea","Snacks,Desserts,Sweet snacks,Biscuits and cakes,Pastries,Mochi","360","77.142857142857","2.8571428571429","5.7142857142857","0"
"Tomato ketchup","Condiments,Sauces,Tomato sauces,Ketchup","19.3","2.49","0.86","0.26","1.2"
"Burger végétal à l’italienne","Meat alternatives,Vegetarian patties,Vegan patties","203","18","12","10.9","3.5"
"Burger végétal","","210","15","11.4","10.7","5"
"Chocolat noir aux 'noisettes","","636","27","9.4","55",""
"Sauce moutarde","","100","4","2.6","7.9",""
"Croissants jambon fromage","","309","29.3","9.4","16.8",""
"Salsa chimi churri","","275","9.7","1.5","24.8","3.6"
"Cipolle borettane","","189","9.4","0.7","0.1",""
"Artichaut a l' huile","","88","3.7","2.9","5.1",""
"Matcha latte banana & vanilla","","17.7","3","0.3","0.5","0"
"100% exprimido naranja","","43","8.8","0.7","0.5",""
"Nectar d'ananas","","45","10","0","0","0"
"Velouté de truite","","65.5","2.8","5.8","3",""
"Snack crujiente de manzana","","364","81.2","2","0.1","13.7"
"Dates","","295","66","2.3","0.5","9.3"
"Avocats surgelés","Plant-based foods and beverages,Plant-based foods,Fruits and vegetables based foods,Frozen foods,Fruits based foods,Frozen plant-based foods,Fruits,Tropical fruits,Frozen fruits,Avocados,Frozen tropical fruits,Frozen avocados","158.4","8.44","1.98","14.51","6.63"
"CHILI CON CARNE RIZ ET PAPRIKA","","87","13","5","0.8","3.7"
"Chocolat au lait fourré aux noisettes et aux cacahuètes","","549","51","8","35","2.6"
"Noix de macadamia","Plant-based foods and beverages,Plant-based foods,Nuts and their products,Nuts,Macadamia nuts","717","13.8","7.91","75.8","8.6"
"Maté pêche","","5","0.9","0.7","0.1","0"
"Crème soja","","175","4.3","3.1","16","0.7"
"protein bar chocolate toffee brownie flavour","Dietary supplements,Bodybuilding supplements,Protein bars","332","31","24","13","18"
"Cliff Bar Chocolate Chip","Snacks,Sweet snacks,Biscuits and cakes,Coated chocolate bar without biscuit","381","56","15","9","7.9"
"Unicorn cotton candy","","400","100","0","0",""
"Cheese cake","","347","31.8","5.9","21.5","1.1"
"Boisson","","44","10","0.5","0.5",""
"chocolat brownie","","369","29","24","18","16"
"Plum sauce","","69.767441860465","18.604651162791","0","0","0"
"Dynamit","","34","8.2","0.4","0",""
"Polenta","","97","22","2","0.5","0.5"
"Lindt excellence chocolat","","573","10","14","49",""
"Sel rose poudre","Condiments,Salts,Himalaya salts","0","0","0","0","0"
"Petit beurre","Snacks,Sweet snacks,Biscuits and cakes,Biscuits and crackers,Biscuits,Petit-Beurre","419","78","6.5","8.7","0"
"Everlast","","88","4.9","0","0","0"
"Dulceata de fruits de padure","","287","72","0.5","0.21","2.07"
"Sos burgerow","","375","36","0","12","0"
"Sirop caramel au beurre salé","","269","67.1","0.04","0.06","0"
"Bocconcini","","515","48.95","11.36","29.19",""
"Pesto alla genovese","","271","2.3","2.9","27","3.4"
"Qu'il cook Tapioca Pearl","","196","48","0.05","0.2","0"
"Bonbon","","333","77","5.5","0.2",""
"Jus carotte","Beverages and beverages preparations,Plant-based foods and beverages,Beverages,Plant-based beverages,Vegetable-based foods and beverages,Juices and nectars,Vegetable-based beverages,Vegetable juices,Carrot juices","28","7","0.4","0.1",""
"Merguez","","274","2.5","12","24",""
